Date,SKU,DCID,OnHandUnits,SafetyStockUnits
2024-01-01,V-CIT-12,DC-EAST,100717,44479
2024-01-01,V-CIT-12,DC-CEN,78335,34595
2024-01-01,V-CIT-12,DC-WEST,44763,19769
2024-01-01,V-BER-12,DC-EAST,85347,34750
2024-01-01,V-BER-12,DC-CEN,66381,27028
2024-01-01,V-BER-12,DC-WEST,37932,15444
2024-01-01,V-TRO-12,DC-EAST,62464,25537
2024-01-01,V-TRO-12,DC-CEN,48583,19862
2024-01-01,V-TRO-12,DC-WEST,27762,11350
2024-01-01,V-CIT-24,DC-EAST,71117,28139
2024-01-01,V-CIT-24,DC-CEN,55314,21886
2024-01-01,V-CIT-24,DC-WEST,31608,12506
2024-01-01,V-BER-24,DC-EAST,60032,23393
2024-01-01,V-BER-24,DC-CEN,46691,18194
2024-01-01,V-BER-24,DC-WEST,26681,10397
2024-01-01,V-GIN-12,DC-EAST,48268,19249
2024-01-01,V-GIN-12,DC-CEN,37541,14971
2024-01-01,V-GIN-12,DC-WEST,21452,8555
2024-01-01,V-MEL-24,DC-EAST,76688,30232
2024-01-01,V-MEL-24,DC-CEN,59646,23514
2024-01-01,V-MEL-24,DC-WEST,34084,13436
2024-01-01,V-COC-24,DC-EAST,51746,21235
2024-01-01,V-COC-24,DC-CEN,40247,16516
2024-01-01,V-COC-24,DC-WEST,22998,9438
2024-02-01,V-CIT-12,DC-EAST,92922,45321
2024-02-01,V-CIT-12,DC-CEN,72273,35249
2024-02-01,V-CIT-12,DC-WEST,41299,20143
2024-02-01,V-BER-12,DC-EAST,89852,35079
2024-02-01,V-BER-12,DC-CEN,69885,27283
2024-02-01,V-BER-12,DC-WEST,39934,15590
2024-02-01,V-TRO-12,DC-EAST,65500,25891
2024-02-01,V-TRO-12,DC-CEN,50944,20138
2024-02-01,V-TRO-12,DC-WEST,29111,11507
2024-02-01,V-CIT-24,DC-EAST,73385,27948
2024-02-01,V-CIT-24,DC-CEN,57077,21738
2024-02-01,V-CIT-24,DC-WEST,32616,12422
2024-02-01,V-BER-24,DC-EAST,61502,23377
2024-02-01,V-BER-24,DC-CEN,47835,18182
2024-02-01,V-BER-24,DC-WEST,27334,10390
2024-02-01,V-GIN-12,DC-EAST,50080,18834
2024-02-01,V-GIN-12,DC-CEN,38951,14649
2024-02-01,V-GIN-12,DC-WEST,22258,8371
2024-02-01,V-MEL-24,DC-EAST,78869,30036
2024-02-01,V-MEL-24,DC-CEN,61343,23361
2024-02-01,V-MEL-24,DC-WEST,35053,13349
2024-02-01,V-COC-24,DC-EAST,53144,21208
2024-02-01,V-COC-24,DC-CEN,41334,16495
2024-02-01,V-COC-24,DC-WEST,23619,9426
2024-03-01,V-CIT-12,DC-EAST,84987,48189
2024-03-01,V-CIT-12,DC-CEN,66101,37481
2024-03-01,V-CIT-12,DC-WEST,37772,21417
2024-03-01,V-BER-12,DC-EAST,96384,37787
2024-03-01,V-BER-12,DC-CEN,74965,29390
2024-03-01,V-BER-12,DC-WEST,42837,16794
2024-03-01,V-TRO-12,DC-EAST,68054,27514
2024-03-01,V-TRO-12,DC-CEN,52931,21400
2024-03-01,V-TRO-12,DC-WEST,30246,12228
2024-03-01,V-CIT-24,DC-EAST,77019,29653
2024-03-01,V-CIT-24,DC-CEN,59904,23063
2024-03-01,V-CIT-24,DC-WEST,34231,13179
2024-03-01,V-BER-24,DC-EAST,61936,24753
2024-03-01,V-BER-24,DC-CEN,48172,19252
2024-03-01,V-BER-24,DC-WEST,27527,11001
2024-03-01,V-GIN-12,DC-EAST,50950,19851
2024-03-01,V-GIN-12,DC-CEN,39627,15440
2024-03-01,V-GIN-12,DC-WEST,22644,8823
2024-03-01,V-MEL-24,DC-EAST,81646,31155
2024-03-01,V-MEL-24,DC-CEN,63502,24232
2024-03-01,V-MEL-24,DC-WEST,36287,13847
2024-03-01,V-COC-24,DC-EAST,54667,22406
2024-03-01,V-COC-24,DC-CEN,42519,17427
2024-03-01,V-COC-24,DC-WEST,24296,9958
2024-04-01,V-CIT-12,DC-EAST,77992,49484
2024-04-01,V-CIT-12,DC-CEN,60661,38488
2024-04-01,V-CIT-12,DC-WEST,34663,21993
2024-04-01,V-BER-12,DC-EAST,98787,38142
2024-04-01,V-BER-12,DC-CEN,76834,29666
2024-04-01,V-BER-12,DC-WEST,43905,16952
2024-04-01,V-TRO-12,DC-EAST,72529,28450
2024-04-01,V-TRO-12,DC-CEN,56411,22128
2024-04-01,V-TRO-12,DC-WEST,32235,12644
2024-04-01,V-CIT-24,DC-EAST,81117,31186
2024-04-01,V-CIT-24,DC-CEN,63091,24256
2024-04-01,V-CIT-24,DC-WEST,36052,13861
2024-04-01,V-BER-24,DC-EAST,62951,25941
2024-04-01,V-BER-24,DC-CEN,48962,20177
2024-04-01,V-BER-24,DC-WEST,27978,11530
2024-04-01,V-GIN-12,DC-EAST,53343,21011
2024-04-01,V-GIN-12,DC-CEN,41489,16342
2024-04-01,V-GIN-12,DC-WEST,23708,9338
2024-04-01,V-MEL-24,DC-EAST,82908,32036
2024-04-01,V-MEL-24,DC-CEN,64484,24917
2024-04-01,V-MEL-24,DC-WEST,36848,14238
2024-04-01,V-COC-24,DC-EAST,55617,22945
2024-04-01,V-COC-24,DC-CEN,43257,17846
2024-04-01,V-COC-24,DC-WEST,24719,10198
2024-05-01,V-CIT-12,DC-EAST,70639,51962
2024-05-01,V-CIT-12,DC-CEN,54942,40415
2024-05-01,V-CIT-12,DC-WEST,31395,23094
2024-05-01,V-BER-12,DC-EAST,102798,40201
2024-05-01,V-BER-12,DC-CEN,79954,31267
2024-05-01,V-BER-12,DC-WEST,45688,17867
2024-05-01,V-TRO-12,DC-EAST,75485,29884
2024-05-01,V-TRO-12,DC-CEN,58711,23243
2024-05-01,V-TRO-12,DC-WEST,33549,13282
2024-05-01,V-CIT-24,DC-EAST,85710,32668
2024-05-01,V-CIT-24,DC-CEN,66664,25408
2024-05-01,V-CIT-24,DC-WEST,38094,14519
2024-05-01,V-BER-24,DC-EAST,67485,26592
2024-05-01,V-BER-24,DC-CEN,52489,20683
2024-05-01,V-BER-24,DC-WEST,29993,11819
2024-05-01,V-GIN-12,DC-EAST,54056,21673
2024-05-01,V-GIN-12,DC-CEN,42044,16856
2024-05-01,V-GIN-12,DC-WEST,24025,9632
2024-05-01,V-MEL-24,DC-EAST,85898,32806
2024-05-01,V-MEL-24,DC-CEN,66809,25516
2024-05-01,V-MEL-24,DC-WEST,38177,14580
2024-05-01,V-COC-24,DC-EAST,58468,23810
2024-05-01,V-COC-24,DC-CEN,45475,18519
2024-05-01,V-COC-24,DC-WEST,25986,10582
2024-06-01,V-CIT-12,DC-EAST,62674,55113
2024-06-01,V-CIT-12,DC-CEN,48746,42866
2024-06-01,V-CIT-12,DC-WEST,27855,24495
2024-06-01,V-BER-12,DC-EAST,104277,41968
2024-06-01,V-BER-12,DC-CEN,81105,32642
2024-06-01,V-BER-12,DC-WEST,46346,18653
2024-06-01,V-TRO-12,DC-EAST,80601,31198
2024-06-01,V-TRO-12,DC-CEN,62690,24265
2024-06-01,V-TRO-12,DC-WEST,35823,13866
2024-06-01,V-CIT-24,DC-EAST,89629,33382
2024-06-01,V-CIT-24,DC-CEN,69711,25964
2024-06-01,V-CIT-24,DC-WEST,39835,14836
2024-06-01,V-BER-24,DC-EAST,71105,28453
2024-06-01,V-BER-24,DC-CEN,55304,22130
2024-06-01,V-BER-24,DC-WEST,31602,12646
2024-06-01,V-GIN-12,DC-EAST,56683,22854
2024-06-01,V-GIN-12,DC-CEN,44087,17776
2024-06-01,V-GIN-12,DC-WEST,25192,10157
2024-06-01,V-MEL-24,DC-EAST,88695,33147
2024-06-01,V-MEL-24,DC-CEN,68985,25781
2024-06-01,V-MEL-24,DC-WEST,39420,14732
2024-06-01,V-COC-24,DC-EAST,60180,24833
2024-06-01,V-COC-24,DC-CEN,46806,19314
2024-06-01,V-COC-24,DC-WEST,26747,11037
2024-07-01,V-CIT-12,DC-EAST,50730,56753
2024-07-01,V-CIT-12,DC-CEN,39457,44141
2024-07-01,V-CIT-12,DC-WEST,22547,25224
2024-07-01,V-BER-12,DC-EAST,107564,42879
2024-07-01,V-BER-12,DC-CEN,83661,33350
2024-07-01,V-BER-12,DC-WEST,47806,19057
2024-07-01,V-TRO-12,DC-EAST,81851,31533
2024-07-01,V-TRO-12,DC-CEN,63662,24526
2024-07-01,V-TRO-12,DC-WEST,36378,14015
2024-07-01,V-CIT-24,DC-EAST,91690,34553
2024-07-01,V-CIT-24,DC-CEN,71314,26874
2024-07-01,V-CIT-24,DC-WEST,40751,15357
2024-07-01,V-BER-24,DC-EAST,74987,29010
2024-07-01,V-BER-24,DC-CEN,58323,22563
2024-07-01,V-BER-24,DC-WEST,33328,12893
2024-07-01,V-GIN-12,DC-EAST,59188,23109
2024-07-01,V-GIN-12,DC-CEN,46035,17974
2024-07-01,V-GIN-12,DC-WEST,26306,10271
2024-07-01,V-MEL-24,DC-EAST,88612,33552
2024-07-01,V-MEL-24,DC-CEN,68921,26096
2024-07-01,V-MEL-24,DC-WEST,39383,14912
2024-07-01,V-COC-24,DC-EAST,60478,25508
2024-07-01,V-COC-24,DC-CEN,47039,19839
2024-07-01,V-COC-24,DC-WEST,26879,11337
2024-08-01,V-CIT-12,DC-EAST,42839,55626
2024-08-01,V-CIT-12,DC-CEN,33319,43265
2024-08-01,V-CIT-12,DC-WEST,19039,24723
2024-08-01,V-BER-12,DC-EAST,112552,41891
2024-08-01,V-BER-12,DC-CEN,87540,32582
2024-08-01,V-BER-12,DC-WEST,50023,18618
2024-08-01,V-TRO-12,DC-EAST,84461,30490
2024-08-01,V-TRO-12,DC-CEN,65692,23714
2024-08-01,V-TRO-12,DC-WEST,37538,13551
2024-08-01,V-CIT-24,DC-EAST,96614,33426
2024-08-01,V-CIT-24,DC-CEN,75145,25998
2024-08-01,V-CIT-24,DC-WEST,42940,14856
2024-08-01,V-BER-24,DC-EAST,79544,28253
2024-08-01,V-BER-24,DC-CEN,61868,21974
2024-08-01,V-BER-24,DC-WEST,35353,12557
2024-08-01,V-GIN-12,DC-EAST,62766,22422
2024-08-01,V-GIN-12,DC-CEN,48818,17439
2024-08-01,V-GIN-12,DC-WEST,27896,9965
2024-08-01,V-MEL-24,DC-EAST,91796,32513
2024-08-01,V-MEL-24,DC-CEN,71397,25288
2024-08-01,V-MEL-24,DC-WEST,40798,14450
2024-08-01,V-COC-24,DC-EAST,62011,24422
2024-08-01,V-COC-24,DC-CEN,48230,18995
2024-08-01,V-COC-24,DC-WEST,27560,10854
2024-09-01,V-CIT-12,DC-EAST,38273,52859
2024-09-01,V-CIT-12,DC-CEN,29768,41113
2024-09-01,V-CIT-12,DC-WEST,17010,23493
2024-09-01,V-BER-12,DC-EAST,115055,40072
2024-09-01,V-BER-12,DC-CEN,89487,31167
2024-09-01,V-BER-12,DC-WEST,51135,17810
2024-09-01,V-TRO-12,DC-EAST,87835,28427
2024-09-01,V-TRO-12,DC-CEN,68316,22110
2024-09-01,V-TRO-12,DC-WEST,39038,12634
2024-09-01,V-CIT-24,DC-EAST,97990,31769
2024-09-01,V-CIT-24,DC-CEN,76215,24709
2024-09-01,V-CIT-24,DC-WEST,43551,14120
2024-09-01,V-BER-24,DC-EAST,83246,25675
2024-09-01,V-BER-24,DC-CEN,64747,19969
2024-09-01,V-BER-24,DC-WEST,36998,11411
2024-09-01,V-GIN-12,DC-EAST,65735,21106
2024-09-01,V-GIN-12,DC-CEN,51127,16415
2024-09-01,V-GIN-12,DC-WEST,29215,9380
2024-09-01,V-MEL-24,DC-EAST,94602,30060
2024-09-01,V-MEL-24,DC-CEN,73579,23380
2024-09-01,V-MEL-24,DC-WEST,42045,13360
2024-09-01,V-COC-24,DC-EAST,65188,23096
2024-09-01,V-COC-24,DC-CEN,50701,17964
2024-09-01,V-COC-24,DC-WEST,28972,10265
2024-10-01,V-CIT-12,DC-EAST,30837,51033
2024-10-01,V-CIT-12,DC-CEN,23984,39693
2024-10-01,V-CIT-12,DC-WEST,13705,22682
2024-10-01,V-BER-12,DC-EAST,118990,37938
2024-10-01,V-BER-12,DC-CEN,92548,29507
2024-10-01,V-BER-12,DC-WEST,52884,16861
2024-10-01,V-TRO-12,DC-EAST,91991,27790
2024-10-01,V-TRO-12,DC-CEN,71549,21615
2024-10-01,V-TRO-12,DC-WEST,40885,12351
2024-10-01,V-CIT-24,DC-EAST,99120,29938
2024-10-01,V-CIT-24,DC-CEN,77093,23285
2024-10-01,V-CIT-24,DC-WEST,44053,13306
2024-10-01,V-BER-24,DC-EAST,86210,25319
2024-10-01,V-BER-24,DC-CEN,67052,19692
2024-10-01,V-BER-24,DC-WEST,38315,11253
2024-10-01,V-GIN-12,DC-EAST,67302,20099
2024-10-01,V-GIN-12,DC-CEN,52346,15632
2024-10-01,V-GIN-12,DC-WEST,29912,8933
2024-10-01,V-MEL-24,DC-EAST,96445,28236
2024-10-01,V-MEL-24,DC-CEN,75013,21961
2024-10-01,V-MEL-24,DC-WEST,42864,12549
2024-10-01,V-COC-24,DC-EAST,66366,22023
2024-10-01,V-COC-24,DC-CEN,51618,17129
2024-10-01,V-COC-24,DC-WEST,29496,9788
2024-11-01,V-CIT-12,DC-EAST,23796,51656
2024-11-01,V-CIT-12,DC-CEN,18508,40177
2024-11-01,V-CIT-12,DC-WEST,10576,22958
2024-11-01,V-BER-12,DC-EAST,122618,38084
2024-11-01,V-BER-12,DC-CEN,95370,29621
2024-11-01,V-BER-12,DC-WEST,54497,16926
2024-11-01,V-TRO-12,DC-EAST,95424,27350
2024-11-01,V-TRO-12,DC-CEN,74218,21272
2024-11-01,V-TRO-12,DC-WEST,42410,12155
2024-11-01,V-CIT-24,DC-EAST,100381,30247
2024-11-01,V-CIT-24,DC-CEN,78074,23526
2024-11-01,V-CIT-24,DC-WEST,44614,13443
2024-11-01,V-BER-24,DC-EAST,90345,25290
2024-11-01,V-BER-24,DC-CEN,70268,19670
2024-11-01,V-BER-24,DC-WEST,40153,11240
2024-11-01,V-GIN-12,DC-EAST,67996,20044
2024-11-01,V-GIN-12,DC-CEN,52886,15590
2024-11-01,V-GIN-12,DC-WEST,30221,8908
2024-11-01,V-MEL-24,DC-EAST,99572,27890
2024-11-01,V-MEL-24,DC-CEN,77445,21692
2024-11-01,V-MEL-24,DC-WEST,44254,12396
2024-11-01,V-COC-24,DC-EAST,69212,21805
2024-11-01,V-COC-24,DC-CEN,53832,16959
2024-11-01,V-COC-24,DC-WEST,30761,9691
2024-12-01,V-CIT-12,DC-EAST,14973,55772
2024-12-01,V-CIT-12,DC-CEN,11645,43378
2024-12-01,V-CIT-12,DC-WEST,6654,24787
2024-12-01,V-BER-12,DC-EAST,124755,40578
2024-12-01,V-BER-12,DC-CEN,97032,31561
2024-12-01,V-BER-12,DC-WEST,55447,18035
2024-12-01,V-TRO-12,DC-EAST,99248,30015
2024-12-01,V-TRO-12,DC-CEN,77193,23345
2024-12-01,V-TRO-12,DC-WEST,44110,13340
2024-12-01,V-CIT-24,DC-EAST,105008,32964
2024-12-01,V-CIT-24,DC-CEN,81673,25639
2024-12-01,V-CIT-24,DC-WEST,46670,14651
2024-12-01,V-BER-24,DC-EAST,95602,27183
2024-12-01,V-BER-24,DC-CEN,74357,21142
2024-12-01,V-BER-24,DC-WEST,42490,12081
2024-12-01,V-GIN-12,DC-EAST,70856,21608
2024-12-01,V-GIN-12,DC-CEN,55110,16807
2024-12-01,V-GIN-12,DC-WEST,31492,9604
2024-12-01,V-MEL-24,DC-EAST,103560,29709
2024-12-01,V-MEL-24,DC-CEN,80547,23107
2024-12-01,V-MEL-24,DC-WEST,46027,13204
2024-12-01,V-COC-24,DC-EAST,70916,23340
2024-12-01,V-COC-24,DC-CEN,55157,18154
2024-12-01,V-COC-24,DC-WEST,31518,10373
2025-01-01,V-CIT-12,DC-EAST,4769,51590
2025-01-01,V-CIT-12,DC-CEN,3709,40126
2025-01-01,V-CIT-12,DC-WEST,2120,22929
2025-01-01,V-BER-12,DC-EAST,127403,38017
2025-01-01,V-BER-12,DC-CEN,99092,29569
2025-01-01,V-BER-12,DC-WEST,56624,16897
2025-01-01,V-TRO-12,DC-EAST,103368,26893
2025-01-01,V-TRO-12,DC-CEN,80397,20917
2025-01-01,V-TRO-12,DC-WEST,45941,11952
2025-01-01,V-CIT-24,DC-EAST,108433,29484
2025-01-01,V-CIT-24,DC-CEN,84337,22932
2025-01-01,V-CIT-24,DC-WEST,48192,13104
2025-01-01,V-BER-24,DC-EAST,99014,25137
2025-01-01,V-BER-24,DC-CEN,77011,19551
2025-01-01,V-BER-24,DC-WEST,44006,11172
2025-01-01,V-GIN-12,DC-EAST,73026,19810
2025-01-01,V-GIN-12,DC-CEN,56798,15408
2025-01-01,V-GIN-12,DC-WEST,32456,8804
2025-01-01,V-MEL-24,DC-EAST,107939,27057
2025-01-01,V-MEL-24,DC-CEN,83953,21044
2025-01-01,V-MEL-24,DC-WEST,47973,12025
2025-01-01,V-COC-24,DC-EAST,72420,21481
2025-01-01,V-COC-24,DC-CEN,56327,16707
2025-01-01,V-COC-24,DC-WEST,32187,9547
2025-02-01,V-CIT-12,DC-EAST,1338,51996
2025-02-01,V-CIT-12,DC-CEN,1040,40441
2025-02-01,V-CIT-12,DC-WEST,595,23109
2025-02-01,V-BER-12,DC-EAST,128659,37598
2025-02-01,V-BER-12,DC-CEN,100068,29243
2025-02-01,V-BER-12,DC-WEST,57182,16710
2025-02-01,V-TRO-12,DC-EAST,107828,27413
2025-02-01,V-TRO-12,DC-CEN,83866,21322
2025-02-01,V-TRO-12,DC-WEST,47923,12184
2025-02-01,V-CIT-24,DC-EAST,112752,30379
2025-02-01,V-CIT-24,DC-CEN,87696,23628
2025-02-01,V-CIT-24,DC-WEST,50112,13502
2025-02-01,V-BER-24,DC-EAST,100547,24478
2025-02-01,V-BER-24,DC-CEN,78204,19038
2025-02-01,V-BER-24,DC-WEST,44688,10879
2025-02-01,V-GIN-12,DC-EAST,74784,19838
2025-02-01,V-GIN-12,DC-CEN,58165,15429
2025-02-01,V-GIN-12,DC-WEST,33237,8817
2025-02-01,V-MEL-24,DC-EAST,108418,26453
2025-02-01,V-MEL-24,DC-CEN,84325,20575
2025-02-01,V-MEL-24,DC-WEST,48186,11757
2025-02-01,V-COC-24,DC-EAST,73593,21504
2025-02-01,V-COC-24,DC-CEN,57239,16726
2025-02-01,V-COC-24,DC-WEST,32708,9558
2025-03-01,V-CIT-12,DC-EAST,0,54462
2025-03-01,V-CIT-12,DC-CEN,0,42360
2025-03-01,V-CIT-12,DC-WEST,0,24206
2025-03-01,V-BER-12,DC-EAST,128824,39902
2025-03-01,V-BER-12,DC-CEN,100196,31035
2025-03-01,V-BER-12,DC-WEST,57255,17734
2025-03-01,V-TRO-12,DC-EAST,109301,28916
2025-03-01,V-TRO-12,DC-CEN,85012,22490
2025-03-01,V-TRO-12,DC-WEST,48578,12852
2025-03-01,V-CIT-24,DC-EAST,117297,31978
2025-03-01,V-CIT-24,DC-CEN,91231,24871
2025-03-01,V-CIT-24,DC-WEST,52132,14212
2025-03-01,V-BER-24,DC-EAST,101261,26423
2025-03-01,V-BER-24,DC-CEN,78758,20551
2025-03-01,V-BER-24,DC-WEST,45005,11743
2025-03-01,V-GIN-12,DC-EAST,77300,21122
2025-03-01,V-GIN-12,DC-CEN,60122,16428
2025-03-01,V-GIN-12,DC-WEST,34356,9387
2025-03-01,V-MEL-24,DC-EAST,111770,27663
2025-03-01,V-MEL-24,DC-CEN,86932,21515
2025-03-01,V-MEL-24,DC-WEST,49676,12295
2025-03-01,V-COC-24,DC-EAST,74911,22399
2025-03-01,V-COC-24,DC-CEN,58264,17422
2025-03-01,V-COC-24,DC-WEST,33294,9955
2025-04-01,V-CIT-12,DC-EAST,0,56491
2025-04-01,V-CIT-12,DC-CEN,0,43938
2025-04-01,V-CIT-12,DC-WEST,0,25107
2025-04-01,V-BER-12,DC-EAST,132188,42029
2025-04-01,V-BER-12,DC-CEN,102813,32689
2025-04-01,V-BER-12,DC-WEST,58750,18680
2025-04-01,V-TRO-12,DC-EAST,110296,29161
2025-04-01,V-TRO-12,DC-CEN,85786,22680
2025-04-01,V-TRO-12,DC-WEST,49021,12960
2025-04-01,V-CIT-24,DC-EAST,122746,33218
2025-04-01,V-CIT-24,DC-CEN,95469,25836
2025-04-01,V-CIT-24,DC-WEST,54554,14764
2025-04-01,V-BER-24,DC-EAST,102356,27036
2025-04-01,V-BER-24,DC-CEN,79610,21028
2025-04-01,V-BER-24,DC-WEST,45492,12016
2025-04-01,V-GIN-12,DC-EAST,78016,21883
2025-04-01,V-GIN-12,DC-CEN,60679,17020
2025-04-01,V-GIN-12,DC-WEST,34674,9726
2025-04-01,V-MEL-24,DC-EAST,113640,27934
2025-04-01,V-MEL-24,DC-CEN,88387,21726
2025-04-01,V-MEL-24,DC-WEST,50507,12415
2025-04-01,V-COC-24,DC-EAST,79087,23269
2025-04-01,V-COC-24,DC-CEN,61512,18098
2025-04-01,V-COC-24,DC-WEST,35150,10342
2025-05-01,V-CIT-12,DC-EAST,0,60193
2025-05-01,V-CIT-12,DC-CEN,0,46816
2025-05-01,V-CIT-12,DC-WEST,0,26752
2025-05-01,V-BER-12,DC-EAST,137819,43917
2025-05-01,V-BER-12,DC-CEN,107193,34158
2025-05-01,V-BER-12,DC-WEST,61253,19519
2025-05-01,V-TRO-12,DC-EAST,112127,31310
2025-05-01,V-TRO-12,DC-CEN,87210,24352
2025-05-01,V-TRO-12,DC-WEST,49834,13916
2025-05-01,V-CIT-24,DC-EAST,123001,34304
2025-05-01,V-CIT-24,DC-CEN,95667,26681
2025-05-01,V-CIT-24,DC-WEST,54667,15246
2025-05-01,V-BER-24,DC-EAST,102875,28277
2025-05-01,V-BER-24,DC-CEN,80014,21993
2025-05-01,V-BER-24,DC-WEST,45722,12568
2025-05-01,V-GIN-12,DC-EAST,78640,22363
2025-05-01,V-GIN-12,DC-CEN,61164,17393
2025-05-01,V-GIN-12,DC-WEST,34951,9939
2025-05-01,V-MEL-24,DC-EAST,117374,28546
2025-05-01,V-MEL-24,DC-CEN,91291,22202
2025-05-01,V-MEL-24,DC-WEST,52166,12687
2025-05-01,V-COC-24,DC-EAST,82675,24053
2025-05-01,V-COC-24,DC-CEN,64303,18708
2025-05-01,V-COC-24,DC-WEST,36745,10690
2025-06-01,V-CIT-12,DC-EAST,0,62474
2025-06-01,V-CIT-12,DC-CEN,0,48591
2025-06-01,V-CIT-12,DC-WEST,0,27766
2025-06-01,V-BER-12,DC-EAST,142939,45802
2025-06-01,V-BER-12,DC-CEN,111175,35624
2025-06-01,V-BER-12,DC-WEST,63528,20356
2025-06-01,V-TRO-12,DC-EAST,115061,32125
2025-06-01,V-TRO-12,DC-CEN,89492,24986
2025-06-01,V-TRO-12,DC-WEST,51138,14278
2025-06-01,V-CIT-24,DC-EAST,125231,35964
2025-06-01,V-CIT-24,DC-CEN,97402,27972
2025-06-01,V-CIT-24,DC-WEST,55658,15984
2025-06-01,V-BER-24,DC-EAST,103179,29324
2025-06-01,V-BER-24,DC-CEN,80250,22807
2025-06-01,V-BER-24,DC-WEST,45857,13033
2025-06-01,V-GIN-12,DC-EAST,80332,23239
2025-06-01,V-GIN-12,DC-CEN,62481,18075
2025-06-01,V-GIN-12,DC-WEST,35703,10329
2025-06-01,V-MEL-24,DC-EAST,120995,29494
2025-06-01,V-MEL-24,DC-CEN,94107,22939
2025-06-01,V-MEL-24,DC-WEST,53775,13108
2025-06-01,V-COC-24,DC-EAST,83940,24762
2025-06-01,V-COC-24,DC-CEN,65287,19259
2025-06-01,V-COC-24,DC-WEST,37307,11005
2025-07-01,V-CIT-12,DC-EAST,0,65381
2025-07-01,V-CIT-12,DC-CEN,0,50852
2025-07-01,V-CIT-12,DC-WEST,0,29058
2025-07-01,V-BER-12,DC-EAST,142724,47519
2025-07-01,V-BER-12,DC-CEN,111007,36959
2025-07-01,V-BER-12,DC-WEST,63433,21119
2025-07-01,V-TRO-12,DC-EAST,118458,33222
2025-07-01,V-TRO-12,DC-CEN,92134,25839
2025-07-01,V-TRO-12,DC-WEST,52648,14765
2025-07-01,V-CIT-24,DC-EAST,129735,37098
2025-07-01,V-CIT-24,DC-CEN,100905,28854
2025-07-01,V-CIT-24,DC-WEST,57660,16488
2025-07-01,V-BER-24,DC-EAST,105080,30243
2025-07-01,V-BER-24,DC-CEN,81729,23522
2025-07-01,V-BER-24,DC-WEST,46702,13441
2025-07-01,V-GIN-12,DC-EAST,82112,23815
2025-07-01,V-GIN-12,DC-CEN,63865,18523
2025-07-01,V-GIN-12,DC-WEST,36494,10584
2025-07-01,V-MEL-24,DC-EAST,125917,29622
2025-07-01,V-MEL-24,DC-CEN,97935,23040
2025-07-01,V-MEL-24,DC-WEST,55963,13166
2025-07-01,V-COC-24,DC-EAST,84665,25630
2025-07-01,V-COC-24,DC-CEN,65851,19934
2025-07-01,V-COC-24,DC-WEST,37629,11391
2025-08-01,V-CIT-12,DC-EAST,0,63198
2025-08-01,V-CIT-12,DC-CEN,0,49154
2025-08-01,V-CIT-12,DC-WEST,0,28088
2025-08-01,V-BER-12,DC-EAST,148644,45294
2025-08-01,V-BER-12,DC-CEN,115612,35229
2025-08-01,V-BER-12,DC-WEST,66064,20131
2025-08-01,V-TRO-12,DC-EAST,123052,32523
2025-08-01,V-TRO-12,DC-CEN,95707,25295
2025-08-01,V-TRO-12,DC-WEST,54690,14455
2025-08-01,V-CIT-24,DC-EAST,130609,35314
2025-08-01,V-CIT-24,DC-CEN,101585,27467
2025-08-01,V-CIT-24,DC-WEST,58049,15695
2025-08-01,V-BER-24,DC-EAST,108446,29146
2025-08-01,V-BER-24,DC-CEN,84347,22669
2025-08-01,V-BER-24,DC-WEST,48198,12954
2025-08-01,V-GIN-12,DC-EAST,82958,23059
2025-08-01,V-GIN-12,DC-CEN,64523,17935
2025-08-01,V-GIN-12,DC-WEST,36870,10248
2025-08-01,V-MEL-24,DC-EAST,132557,28560
2025-08-01,V-MEL-24,DC-CEN,103100,22213
2025-08-01,V-MEL-24,DC-WEST,58914,12693
2025-08-01,V-COC-24,DC-EAST,86436,24530
2025-08-01,V-COC-24,DC-CEN,67228,19079
2025-08-01,V-COC-24,DC-WEST,38416,10902
2025-09-01,V-CIT-12,DC-EAST,0,60714
2025-09-01,V-CIT-12,DC-CEN,0,47222
2025-09-01,V-CIT-12,DC-WEST,0,26984
2025-09-01,V-BER-12,DC-EAST,153142,43169
2025-09-01,V-BER-12,DC-CEN,119111,33576
2025-09-01,V-BER-12,DC-WEST,68063,19186
2025-09-01,V-TRO-12,DC-EAST,125553,29629
2025-09-01,V-TRO-12,DC-CEN,97652,23045
2025-09-01,V-TRO-12,DC-WEST,55801,13168
2025-09-01,V-CIT-24,DC-EAST,133922,33905
2025-09-01,V-CIT-24,DC-CEN,104162,26371
2025-09-01,V-CIT-24,DC-WEST,59521,15069
2025-09-01,V-BER-24,DC-EAST,112588,27829
2025-09-01,V-BER-24,DC-CEN,87569,21645
2025-09-01,V-BER-24,DC-WEST,50039,12368
2025-09-01,V-GIN-12,DC-EAST,84543,21924
2025-09-01,V-GIN-12,DC-CEN,65756,17052
2025-09-01,V-GIN-12,DC-WEST,37575,9744
2025-09-01,V-MEL-24,DC-EAST,136937,26151
2025-09-01,V-MEL-24,DC-CEN,106507,20340
2025-09-01,V-MEL-24,DC-WEST,60861,11623
2025-09-01,V-COC-24,DC-EAST,89964,23153
2025-09-01,V-COC-24,DC-CEN,69972,18008
2025-09-01,V-COC-24,DC-WEST,39984,10290
2025-10-01,V-CIT-12,DC-EAST,0,58862
2025-10-01,V-CIT-12,DC-CEN,0,45781
2025-10-01,V-CIT-12,DC-WEST,0,26161
2025-10-01,V-BER-12,DC-EAST,155716,41579
2025-10-01,V-BER-12,DC-CEN,121113,32339
2025-10-01,V-BER-12,DC-WEST,69207,18480
2025-10-01,V-TRO-12,DC-EAST,128371,29137
2025-10-01,V-TRO-12,DC-CEN,99844,22662
2025-10-01,V-TRO-12,DC-WEST,57054,12950
2025-10-01,V-CIT-24,DC-EAST,134685,32942
2025-10-01,V-CIT-24,DC-CEN,104755,25621
2025-10-01,V-CIT-24,DC-WEST,59860,14641
2025-10-01,V-BER-24,DC-EAST,114729,26782
2025-10-01,V-BER-24,DC-CEN,89234,20831
2025-10-01,V-BER-24,DC-WEST,50991,11903
2025-10-01,V-GIN-12,DC-EAST,86998,21378
2025-10-01,V-GIN-12,DC-CEN,67665,16628
2025-10-01,V-GIN-12,DC-WEST,38666,9502
2025-10-01,V-MEL-24,DC-EAST,143032,25250
2025-10-01,V-MEL-24,DC-CEN,111247,19639
2025-10-01,V-MEL-24,DC-WEST,63570,11222
2025-10-01,V-COC-24,DC-EAST,93552,22037
2025-10-01,V-COC-24,DC-CEN,72763,17140
2025-10-01,V-COC-24,DC-WEST,41579,9794
2025-11-01,V-CIT-12,DC-EAST,0,57297
2025-11-01,V-CIT-12,DC-CEN,0,44564
2025-11-01,V-CIT-12,DC-WEST,0,25465
2025-11-01,V-BER-12,DC-EAST,158695,41751
2025-11-01,V-BER-12,DC-CEN,123430,32473
2025-11-01,V-BER-12,DC-WEST,70531,18556
2025-11-01,V-TRO-12,DC-EAST,130634,28874
2025-11-01,V-TRO-12,DC-CEN,101604,22457
2025-11-01,V-TRO-12,DC-WEST,58060,12833
2025-11-01,V-CIT-24,DC-EAST,137390,32737
2025-11-01,V-CIT-24,DC-CEN,106859,25462
2025-11-01,V-CIT-24,DC-WEST,61062,14550
2025-11-01,V-BER-24,DC-EAST,115670,26361
2025-11-01,V-BER-24,DC-CEN,89966,20503
2025-11-01,V-BER-24,DC-WEST,51409,11716
2025-11-01,V-GIN-12,DC-EAST,90368,21186
2025-11-01,V-GIN-12,DC-CEN,70286,16478
2025-11-01,V-GIN-12,DC-WEST,40164,9416
2025-11-01,V-MEL-24,DC-EAST,147299,24710
2025-11-01,V-MEL-24,DC-CEN,114566,19219
2025-11-01,V-MEL-24,DC-WEST,65466,10982
2025-11-01,V-COC-24,DC-EAST,95349,22133
2025-11-01,V-COC-24,DC-CEN,74161,17215
2025-11-01,V-COC-24,DC-WEST,42377,9837
2025-12-01,V-CIT-12,DC-EAST,0,62453
2025-12-01,V-CIT-12,DC-CEN,0,48574
2025-12-01,V-CIT-12,DC-WEST,0,27757
2025-12-01,V-BER-12,DC-EAST,165853,45291
2025-12-01,V-BER-12,DC-CEN,128997,35226
2025-12-01,V-BER-12,DC-WEST,73713,20129
2025-12-01,V-TRO-12,DC-EAST,131043,31535
2025-12-01,V-TRO-12,DC-CEN,101923,24528
2025-12-01,V-TRO-12,DC-WEST,58241,14016
2025-12-01,V-CIT-24,DC-EAST,142243,35224
2025-12-01,V-CIT-24,DC-CEN,110633,27396
2025-12-01,V-CIT-24,DC-WEST,63219,15655
2025-12-01,V-BER-24,DC-EAST,116691,28437
2025-12-01,V-BER-24,DC-CEN,90760,22118
2025-12-01,V-BER-24,DC-WEST,51863,12639
2025-12-01,V-GIN-12,DC-EAST,90837,22606
2025-12-01,V-GIN-12,DC-CEN,70651,17583
2025-12-01,V-GIN-12,DC-WEST,40372,10047
2025-12-01,V-MEL-24,DC-EAST,153046,25682
2025-12-01,V-MEL-24,DC-CEN,119036,19975
2025-12-01,V-MEL-24,DC-WEST,68020,11414
2025-12-01,V-COC-24,DC-EAST,96661,23811
2025-12-01,V-COC-24,DC-CEN,75181,18519
2025-12-01,V-COC-24,DC-WEST,42960,10582
2026-01-01,V-CIT-12,DC-EAST,0,58464
2026-01-01,V-CIT-12,DC-CEN,0,45472
2026-01-01,V-CIT-12,DC-WEST,0,25984
2026-01-01,V-BER-12,DC-EAST,169883,42015
2026-01-01,V-BER-12,DC-CEN,132132,32679
2026-01-01,V-BER-12,DC-WEST,75504,18673
2026-01-01,V-TRO-12,DC-EAST,134762,28305
2026-01-01,V-TRO-12,DC-CEN,104815,22015
2026-01-01,V-TRO-12,DC-WEST,59894,12580
2026-01-01,V-CIT-24,DC-EAST,146802,32518
2026-01-01,V-CIT-24,DC-CEN,114179,25292
2026-01-01,V-CIT-24,DC-WEST,65245,14452
2026-01-01,V-BER-24,DC-EAST,119634,25963
2026-01-01,V-BER-24,DC-CEN,93049,20193
2026-01-01,V-BER-24,DC-WEST,53171,11539
2026-01-01,V-GIN-12,DC-EAST,93028,20544
2026-01-01,V-GIN-12,DC-CEN,72355,15979
2026-01-01,V-GIN-12,DC-WEST,41346,9131
2026-01-01,V-MEL-24,DC-EAST,159151,23677
2026-01-01,V-MEL-24,DC-CEN,123784,18415
2026-01-01,V-MEL-24,DC-WEST,70734,10523
2026-01-01,V-COC-24,DC-EAST,99399,21381
2026-01-01,V-COC-24,DC-CEN,77311,16629
2026-01-01,V-COC-24,DC-WEST,44178,9503
2026-02-01,V-CIT-12,DC-EAST,0,59340
2026-02-01,V-CIT-12,DC-CEN,0,46153
2026-02-01,V-CIT-12,DC-WEST,0,26373
2026-02-01,V-BER-12,DC-EAST,176179,42269
2026-02-01,V-BER-12,DC-CEN,137028,32876
2026-02-01,V-BER-12,DC-WEST,78302,18786
2026-02-01,V-TRO-12,DC-EAST,137908,28983
2026-02-01,V-TRO-12,DC-CEN,107262,22542
2026-02-01,V-TRO-12,DC-WEST,61292,12881
2026-02-01,V-CIT-24,DC-EAST,148831,31927
2026-02-01,V-CIT-24,DC-CEN,115757,24832
2026-02-01,V-CIT-24,DC-WEST,66147,14190
2026-02-01,V-BER-24,DC-EAST,119586,26042
2026-02-01,V-BER-24,DC-CEN,93011,20255
2026-02-01,V-BER-24,DC-WEST,53149,11574
2026-02-01,V-GIN-12,DC-EAST,94589,20715
2026-02-01,V-GIN-12,DC-CEN,73569,16112
2026-02-01,V-GIN-12,DC-WEST,42039,9207
2026-02-01,V-MEL-24,DC-EAST,167244,23175
2026-02-01,V-MEL-24,DC-CEN,130078,18025
2026-02-01,V-MEL-24,DC-WEST,74331,10300
2026-02-01,V-COC-24,DC-EAST,101299,21292
2026-02-01,V-COC-24,DC-CEN,78788,16560
2026-02-01,V-COC-24,DC-WEST,45022,9463
2026-03-01,V-CIT-12,DC-EAST,0,62073
2026-03-01,V-CIT-12,DC-CEN,0,48279
2026-03-01,V-CIT-12,DC-WEST,0,27588
2026-03-01,V-BER-12,DC-EAST,178982,43812
2026-03-01,V-BER-12,DC-CEN,139208,34076
2026-03-01,V-BER-12,DC-WEST,79548,19472
2026-03-01,V-TRO-12,DC-EAST,140762,30208
2026-03-01,V-TRO-12,DC-CEN,109481,23495
2026-03-01,V-TRO-12,DC-WEST,62561,13426
2026-03-01,V-CIT-24,DC-EAST,151663,34372
2026-03-01,V-CIT-24,DC-CEN,117960,26734
2026-03-01,V-CIT-24,DC-WEST,67406,15277
2026-03-01,V-BER-24,DC-EAST,120377,27479
2026-03-01,V-BER-24,DC-CEN,93626,21373
2026-03-01,V-BER-24,DC-WEST,53501,12213
2026-03-01,V-GIN-12,DC-EAST,96595,21572
2026-03-01,V-GIN-12,DC-CEN,75129,16779
2026-03-01,V-GIN-12,DC-WEST,42931,9588
2026-03-01,V-MEL-24,DC-EAST,174652,24222
2026-03-01,V-MEL-24,DC-CEN,135840,18839
2026-03-01,V-MEL-24,DC-WEST,77623,10765
2026-03-01,V-COC-24,DC-EAST,102804,22551
2026-03-01,V-COC-24,DC-CEN,79958,17540
2026-03-01,V-COC-24,DC-WEST,45691,10023
2026-04-01,V-CIT-12,DC-EAST,0,65151
2026-04-01,V-CIT-12,DC-CEN,0,50673
2026-04-01,V-CIT-12,DC-WEST,0,28956
2026-04-01,V-BER-12,DC-EAST,179459,45247
2026-04-01,V-BER-12,DC-CEN,139579,35192
2026-04-01,V-BER-12,DC-WEST,79760,20110
2026-04-01,V-TRO-12,DC-EAST,143499,31238
2026-04-01,V-TRO-12,DC-CEN,111610,24297
2026-04-01,V-TRO-12,DC-WEST,63777,13884
2026-04-01,V-CIT-24,DC-EAST,156467,34912
2026-04-01,V-CIT-24,DC-CEN,121696,27154
2026-04-01,V-CIT-24,DC-WEST,69541,15516
2026-04-01,V-BER-24,DC-EAST,122481,28338
2026-04-01,V-BER-24,DC-CEN,95263,22041
2026-04-01,V-BER-24,DC-WEST,54436,12595
2026-04-01,V-GIN-12,DC-EAST,98851,22903
2026-04-01,V-GIN-12,DC-CEN,76884,17814
2026-04-01,V-GIN-12,DC-WEST,43934,10179
2026-04-01,V-MEL-24,DC-EAST,181471,24445
2026-04-01,V-MEL-24,DC-CEN,141144,19013
2026-04-01,V-MEL-24,DC-WEST,80654,10865
2026-04-01,V-COC-24,DC-EAST,105873,23107
2026-04-01,V-COC-24,DC-CEN,82346,17972
2026-04-01,V-COC-24,DC-WEST,47055,10270
2026-05-01,V-CIT-12,DC-EAST,0,68070
2026-05-01,V-CIT-12,DC-CEN,0,52944
2026-05-01,V-CIT-12,DC-WEST,0,30254
2026-05-01,V-BER-12,DC-EAST,184648,47995
2026-05-01,V-BER-12,DC-CEN,143615,37329
2026-05-01,V-BER-12,DC-WEST,82066,21331
2026-05-01,V-TRO-12,DC-EAST,147215,32630
2026-05-01,V-TRO-12,DC-CEN,114501,25379
2026-05-01,V-TRO-12,DC-WEST,65429,14502
2026-05-01,V-CIT-24,DC-EAST,160497,36686
2026-05-01,V-CIT-24,DC-CEN,124831,28534
2026-05-01,V-CIT-24,DC-WEST,71332,16305
2026-05-01,V-BER-24,DC-EAST,123298,29357
2026-05-01,V-BER-24,DC-CEN,95899,22833
2026-05-01,V-BER-24,DC-WEST,54799,13048
2026-05-01,V-GIN-12,DC-EAST,100881,23322
2026-05-01,V-GIN-12,DC-CEN,78463,18139
2026-05-01,V-GIN-12,DC-WEST,44836,10365
2026-05-01,V-MEL-24,DC-EAST,191644,25356
2026-05-01,V-MEL-24,DC-CEN,149056,19721
2026-05-01,V-MEL-24,DC-WEST,85175,11269
2026-05-01,V-COC-24,DC-EAST,107652,23996
2026-05-01,V-COC-24,DC-CEN,83729,18663
2026-05-01,V-COC-24,DC-WEST,47845,10665
2026-06-01,V-CIT-12,DC-EAST,0,71363
2026-06-01,V-CIT-12,DC-CEN,0,55504
2026-06-01,V-CIT-12,DC-WEST,0,31717
2026-06-01,V-BER-12,DC-EAST,186269,50520
2026-06-01,V-BER-12,DC-CEN,144876,39293
2026-06-01,V-BER-12,DC-WEST,82786,22453
2026-06-01,V-TRO-12,DC-EAST,152773,34040
2026-06-01,V-TRO-12,DC-CEN,118823,26475
2026-06-01,V-TRO-12,DC-WEST,67899,15129
2026-06-01,V-CIT-24,DC-EAST,164861,38106
2026-06-01,V-CIT-24,DC-CEN,128226,29638
2026-06-01,V-CIT-24,DC-WEST,73272,16936
2026-06-01,V-BER-24,DC-EAST,123677,30596
2026-06-01,V-BER-24,DC-CEN,96193,23797
2026-06-01,V-BER-24,DC-WEST,54967,13598
2026-06-01,V-GIN-12,DC-EAST,103744,24385
2026-06-01,V-GIN-12,DC-CEN,80690,18966
2026-06-01,V-GIN-12,DC-WEST,46109,10838
2026-06-01,V-MEL-24,DC-EAST,200381,26396
2026-06-01,V-MEL-24,DC-CEN,155852,20530
2026-06-01,V-MEL-24,DC-WEST,89058,11732
2026-06-01,V-COC-24,DC-EAST,111889,24972
2026-06-01,V-COC-24,DC-CEN,87025,19422
2026-06-01,V-COC-24,DC-WEST,49728,11099
2026-07-01,V-CIT-12,DC-EAST,0,73764
2026-07-01,V-CIT-12,DC-CEN,0,57372
2026-07-01,V-CIT-12,DC-WEST,0,32784
2026-07-01,V-BER-12,DC-EAST,194767,51669
2026-07-01,V-BER-12,DC-CEN,151485,40187
2026-07-01,V-BER-12,DC-WEST,86563,22964
2026-07-01,V-TRO-12,DC-EAST,155132,34134
2026-07-01,V-TRO-12,DC-CEN,120658,26549
2026-07-01,V-TRO-12,DC-WEST,68948,15171
2026-07-01,V-CIT-24,DC-EAST,169038,39315
2026-07-01,V-CIT-24,DC-CEN,131474,30578
2026-07-01,V-CIT-24,DC-WEST,75128,17473
2026-07-01,V-BER-24,DC-EAST,127370,31857
2026-07-01,V-BER-24,DC-CEN,99066,24778
2026-07-01,V-BER-24,DC-WEST,56609,14159
2026-07-01,V-GIN-12,DC-EAST,104538,25099
2026-07-01,V-GIN-12,DC-CEN,81308,19522
2026-07-01,V-GIN-12,DC-WEST,46462,11155
2026-07-01,V-MEL-24,DC-EAST,209988,26025
2026-07-01,V-MEL-24,DC-CEN,163324,20242
2026-07-01,V-MEL-24,DC-WEST,93328,11567
2026-07-01,V-COC-24,DC-EAST,116251,25778
2026-07-01,V-COC-24,DC-CEN,90418,20049
2026-07-01,V-COC-24,DC-WEST,51667,11457
2026-08-01,V-CIT-12,DC-EAST,0,71442
2026-08-01,V-CIT-12,DC-CEN,0,55566
2026-08-01,V-CIT-12,DC-WEST,0,31752
2026-08-01,V-BER-12,DC-EAST,198639,50205
2026-08-01,V-BER-12,DC-CEN,154497,39048
2026-08-01,V-BER-12,DC-WEST,88284,22313
2026-08-01,V-TRO-12,DC-EAST,159657,34203
2026-08-01,V-TRO-12,DC-CEN,124178,26603
2026-08-01,V-TRO-12,DC-WEST,70959,15202
2026-08-01,V-CIT-24,DC-EAST,174239,38306
2026-08-01,V-CIT-24,DC-CEN,135520,29794
2026-08-01,V-CIT-24,DC-WEST,77440,17025
2026-08-01,V-BER-24,DC-EAST,127882,30203
2026-08-01,V-BER-24,DC-CEN,99464,23491
2026-08-01,V-BER-24,DC-WEST,56836,13424
2026-08-01,V-GIN-12,DC-EAST,106633,24513
2026-08-01,V-GIN-12,DC-CEN,82937,19066
2026-08-01,V-GIN-12,DC-WEST,47393,10895
2026-08-01,V-MEL-24,DC-EAST,222062,25335
2026-08-01,V-MEL-24,DC-CEN,172715,19705
2026-08-01,V-MEL-24,DC-WEST,98694,11260
2026-08-01,V-COC-24,DC-EAST,117521,24226
2026-08-01,V-COC-24,DC-CEN,91405,18842
2026-08-01,V-COC-24,DC-WEST,52232,10767
