Date,SKU,ChannelID,StatForecastUnits,SalesForecastUnits,ConsensusForecastUnits,ActualUnits
2024-01-01,V-CIT-12,CH-RET,103688,112087,108728,102289
2024-01-01,V-CIT-12,CH-CLB,56557,61138,59306,55794
2024-01-01,V-CIT-12,CH-ECM,28279,30569,29653,27897
2024-01-01,V-BER-12,CH-RET,79365,88664,84944,81168
2024-01-01,V-BER-12,CH-CLB,43290,48362,46333,44274
2024-01-01,V-BER-12,CH-ECM,21645,24181,23167,22137
2024-01-01,V-TRO-12,CH-RET,58947,64743,62424,60710
2024-01-01,V-TRO-12,CH-CLB,32153,35314,34050,33114
2024-01-01,V-TRO-12,CH-ECM,16076,17657,17025,16557
2024-01-01,V-CIT-24,CH-RET,64384,71719,68785,65233
2024-01-01,V-CIT-24,CH-CLB,35119,39120,37519,35582
2024-01-01,V-CIT-24,CH-ECM,17559,19560,18760,17791
2024-01-01,V-BER-24,CH-RET,53772,59456,57182,52596
2024-01-01,V-BER-24,CH-CLB,29330,32430,31190,28689
2024-01-01,V-BER-24,CH-ECM,14665,16215,15595,14344
2024-01-01,V-GIN-12,CH-RET,44364,48844,47052,43786
2024-01-01,V-GIN-12,CH-CLB,24198,26642,25665,23883
2024-01-01,V-GIN-12,CH-ECM,12099,13321,12832,11942
2024-01-01,V-MEL-24,CH-RET,69854,76598,73900,68545
2024-01-01,V-MEL-24,CH-CLB,38102,41780,40309,37388
2024-01-01,V-MEL-24,CH-ECM,19051,20890,20155,18694
2024-01-01,V-COC-24,CH-RET,48633,54089,51907,49804
2024-01-01,V-COC-24,CH-CLB,26527,29503,28313,27166
2024-01-01,V-COC-24,CH-ECM,13264,14752,14156,13583
2024-02-01,V-CIT-12,CH-RET,103957,115335,110784,105059
2024-02-01,V-CIT-12,CH-CLB,56704,62910,60428,57305
2024-02-01,V-CIT-12,CH-ECM,28352,31455,30214,28652
2024-02-01,V-BER-12,CH-RET,81248,88747,85747,79093
2024-02-01,V-BER-12,CH-CLB,44317,48408,46771,43142
2024-02-01,V-BER-12,CH-ECM,22159,24204,23386,21571
2024-02-01,V-TRO-12,CH-RET,60290,65289,63289,59252
2024-02-01,V-TRO-12,CH-CLB,32885,35612,34522,32319
2024-02-01,V-TRO-12,CH-ECM,16443,17806,17261,16160
2024-02-01,V-CIT-24,CH-RET,64731,70710,68318,64375
2024-02-01,V-CIT-24,CH-CLB,35308,38569,37265,35114
2024-02-01,V-CIT-24,CH-ECM,17654,19285,18632,17557
2024-02-01,V-BER-24,CH-RET,54464,58931,57144,54069
2024-02-01,V-BER-24,CH-CLB,29708,32144,31170,29492
2024-02-01,V-BER-24,CH-ECM,14854,16072,15585,14746
2024-02-01,V-GIN-12,CH-RET,43737,47575,46040,43021
2024-02-01,V-GIN-12,CH-CLB,23856,25950,25113,23466
2024-02-01,V-GIN-12,CH-ECM,11928,12975,12556,11733
2024-02-01,V-MEL-24,CH-RET,68865,76457,73420,69383
2024-02-01,V-MEL-24,CH-CLB,37562,41704,40047,37845
2024-02-01,V-MEL-24,CH-ECM,18781,20852,20024,18923
2024-02-01,V-COC-24,CH-RET,49289,53544,51842,49117
2024-02-01,V-COC-24,CH-CLB,26885,29206,28278,26791
2024-02-01,V-COC-24,CH-ECM,13443,14603,14139,13396
2024-03-01,V-CIT-12,CH-RET,112177,121542,117796,111652
2024-03-01,V-CIT-12,CH-CLB,61188,66295,64252,60901
2024-03-01,V-CIT-12,CH-ECM,30594,33148,32126,30450
2024-03-01,V-BER-12,CH-RET,86266,96435,92367,84121
2024-03-01,V-BER-12,CH-CLB,47054,52601,50382,45884
2024-03-01,V-BER-12,CH-ECM,23527,26300,25191,22942
2024-03-01,V-TRO-12,CH-RET,62832,70204,67256,64268
2024-03-01,V-TRO-12,CH-CLB,34272,38293,36685,35055
2024-03-01,V-TRO-12,CH-ECM,17136,19147,18342,17528
2024-03-01,V-CIT-24,CH-RET,68700,75008,72485,67164
2024-03-01,V-CIT-24,CH-CLB,37473,40914,39537,36635
2024-03-01,V-CIT-24,CH-ECM,18736,20457,19769,18317
2024-03-01,V-BER-24,CH-RET,57307,62641,60507,58205
2024-03-01,V-BER-24,CH-CLB,31258,34168,33004,31748
2024-03-01,V-BER-24,CH-ECM,15629,17084,16502,15874
2024-03-01,V-GIN-12,CH-RET,46287,50017,48525,46382
2024-03-01,V-GIN-12,CH-CLB,25248,27282,26468,25299
2024-03-01,V-GIN-12,CH-ECM,12624,13641,13234,12650
2024-03-01,V-MEL-24,CH-RET,72332,78708,76157,72546
2024-03-01,V-MEL-24,CH-CLB,39454,42931,41540,39570
2024-03-01,V-MEL-24,CH-ECM,19727,21466,20770,19785
2024-03-01,V-COC-24,CH-RET,51568,56905,54770,51998
2024-03-01,V-COC-24,CH-CLB,28128,31039,29875,28362
2024-03-01,V-COC-24,CH-ECM,14064,15520,14937,14181
2024-04-01,V-CIT-12,CH-RET,114846,125038,120961,114883
2024-04-01,V-CIT-12,CH-CLB,62643,68203,65979,62663
2024-04-01,V-CIT-12,CH-ECM,31322,34101,32989,31332
2024-04-01,V-BER-12,CH-RET,88824,96176,93235,90213
2024-04-01,V-BER-12,CH-CLB,48449,52459,50855,49207
2024-04-01,V-BER-12,CH-ECM,24225,26230,25428,24603
2024-04-01,V-TRO-12,CH-RET,65802,72039,69544,64451
2024-04-01,V-TRO-12,CH-CLB,35892,39294,37933,35155
2024-04-01,V-TRO-12,CH-ECM,17946,19647,18967,17578
2024-04-01,V-CIT-24,CH-RET,71208,79583,76233,71965
2024-04-01,V-CIT-24,CH-CLB,38841,43409,41582,39254
2024-04-01,V-CIT-24,CH-ECM,19420,21704,20791,19627
2024-04-01,V-BER-24,CH-RET,59484,66032,63413,60668
2024-04-01,V-BER-24,CH-CLB,32446,36017,34589,33092
2024-04-01,V-BER-24,CH-ECM,16223,18009,17294,16546
2024-04-01,V-GIN-12,CH-RET,47937,53641,51359,48091
2024-04-01,V-GIN-12,CH-CLB,26148,29259,28014,26231
2024-04-01,V-GIN-12,CH-ECM,13074,14629,14007,13116
2024-04-01,V-MEL-24,CH-RET,73980,81195,78309,74860
2024-04-01,V-MEL-24,CH-CLB,40353,44288,42714,40833
2024-04-01,V-MEL-24,CH-ECM,20176,22144,21357,20416
2024-04-01,V-COC-24,CH-RET,53214,58004,56088,54317
2024-04-01,V-COC-24,CH-CLB,29026,31638,30593,29627
2024-04-01,V-COC-24,CH-ECM,14513,15819,15297,14814
2024-05-01,V-CIT-12,CH-RET,120652,131264,127019,121737
2024-05-01,V-CIT-12,CH-CLB,65810,71598,69283,66402
2024-05-01,V-CIT-12,CH-ECM,32905,35799,34642,33201
2024-05-01,V-BER-12,CH-RET,93493,101452,98269,93354
2024-05-01,V-BER-12,CH-CLB,50996,55338,53601,50920
2024-05-01,V-BER-12,CH-ECM,25498,27669,26801,25460
2024-05-01,V-TRO-12,CH-RET,68599,76018,73050,69059
2024-05-01,V-TRO-12,CH-CLB,37418,41464,39846,37668
2024-05-01,V-TRO-12,CH-ECM,18709,20732,19923,18834
2024-05-01,V-CIT-24,CH-RET,75138,82999,79854,74240
2024-05-01,V-CIT-24,CH-CLB,40984,45272,43557,40495
2024-05-01,V-CIT-24,CH-ECM,20492,22636,21778,20247
2024-05-01,V-BER-24,CH-RET,61910,67066,65004,60125
2024-05-01,V-BER-24,CH-CLB,33769,36582,35457,32796
2024-05-01,V-BER-24,CH-ECM,16885,18291,17728,16398
2024-05-01,V-GIN-12,CH-RET,50405,54692,52978,51520
2024-05-01,V-GIN-12,CH-CLB,27494,29832,28897,28102
2024-05-01,V-GIN-12,CH-ECM,13747,14916,14448,14051
2024-05-01,V-MEL-24,CH-RET,74851,83752,80192,75340
2024-05-01,V-MEL-24,CH-CLB,40828,45683,43741,41094
2024-05-01,V-MEL-24,CH-ECM,20414,22842,21870,20547
2024-05-01,V-COC-24,CH-RET,55052,60303,58203,54996
2024-05-01,V-COC-24,CH-CLB,30028,32893,31747,29998
2024-05-01,V-COC-24,CH-ECM,15014,16446,15873,14999
2024-06-01,V-CIT-12,CH-RET,127905,139265,134721,128590
2024-06-01,V-CIT-12,CH-CLB,69766,75963,73484,70140
2024-06-01,V-CIT-12,CH-ECM,34883,37981,36742,35070
2024-06-01,V-BER-12,CH-RET,97300,106116,102590,99474
2024-06-01,V-BER-12,CH-CLB,53073,57881,55958,54259
2024-06-01,V-BER-12,CH-ECM,26536,28941,27979,27129
2024-06-01,V-TRO-12,CH-RET,71696,79307,76262,69579
2024-06-01,V-TRO-12,CH-CLB,39107,43258,41598,37952
2024-06-01,V-TRO-12,CH-ECM,19553,21629,20799,18976
2024-06-01,V-CIT-24,CH-RET,77862,84092,81600,76866
2024-06-01,V-CIT-24,CH-CLB,42470,45868,44509,41927
2024-06-01,V-CIT-24,CH-ECM,21235,22934,22255,20964
2024-06-01,V-BER-24,CH-RET,64881,72666,69552,64297
2024-06-01,V-BER-24,CH-CLB,35389,39636,37937,35071
2024-06-01,V-BER-24,CH-ECM,17695,19818,18969,17535
2024-06-01,V-GIN-12,CH-RET,52263,58268,55866,52495
2024-06-01,V-GIN-12,CH-CLB,28507,31783,30472,28634
2024-06-01,V-GIN-12,CH-ECM,14253,15891,15236,14317
2024-06-01,V-MEL-24,CH-RET,77035,83686,81025,77270
2024-06-01,V-MEL-24,CH-CLB,42019,45647,44196,42147
2024-06-01,V-MEL-24,CH-ECM,21009,22823,22098,21074
2024-06-01,V-COC-24,CH-RET,57173,63055,60702,57430
2024-06-01,V-COC-24,CH-CLB,31185,34393,33110,31325
2024-06-01,V-COC-24,CH-ECM,15593,17197,16555,15663
2024-07-01,V-CIT-12,CH-RET,132356,142979,138729,134784
2024-07-01,V-CIT-12,CH-CLB,72194,77988,75671,73519
2024-07-01,V-CIT-12,CH-ECM,36097,38994,37835,36759
2024-07-01,V-BER-12,CH-RET,99531,108336,104814,99765
2024-07-01,V-BER-12,CH-CLB,54290,59093,57171,54418
2024-07-01,V-BER-12,CH-ECM,27145,29546,28586,27209
2024-07-01,V-TRO-12,CH-RET,73050,79769,77081,73766
2024-07-01,V-TRO-12,CH-CLB,39845,43510,42044,40236
2024-07-01,V-TRO-12,CH-ECM,19923,21755,21022,20118
2024-07-01,V-CIT-24,CH-RET,79538,87746,84463,80276
2024-07-01,V-CIT-24,CH-CLB,43384,47861,46071,43787
2024-07-01,V-CIT-24,CH-ECM,21692,23931,23035,21893
2024-07-01,V-BER-24,CH-RET,66476,73872,70914,67082
2024-07-01,V-BER-24,CH-CLB,36260,40294,38680,36590
2024-07-01,V-BER-24,CH-ECM,18130,20147,19340,18295
2024-07-01,V-GIN-12,CH-RET,53364,58574,56490,52354
2024-07-01,V-GIN-12,CH-CLB,29108,31949,30813,28557
2024-07-01,V-GIN-12,CH-ECM,14554,15975,15406,14278
2024-07-01,V-MEL-24,CH-RET,78093,84631,82016,80399
2024-07-01,V-MEL-24,CH-CLB,42596,46162,44736,43854
2024-07-01,V-MEL-24,CH-ECM,21298,23081,22368,21927
2024-07-01,V-COC-24,CH-RET,59097,64522,62352,60791
2024-07-01,V-COC-24,CH-CLB,32235,35194,34010,33159
2024-07-01,V-COC-24,CH-ECM,16117,17597,17005,16579
2024-08-01,V-CIT-12,CH-RET,128744,140796,135976,126083
2024-08-01,V-CIT-12,CH-CLB,70224,76798,74168,68773
2024-08-01,V-CIT-12,CH-ECM,35112,38399,37084,34386
2024-08-01,V-BER-12,CH-RET,97262,105825,102400,96163
2024-08-01,V-BER-12,CH-CLB,53052,57723,55855,52453
2024-08-01,V-BER-12,CH-ECM,26526,28861,27927,26226
2024-08-01,V-TRO-12,CH-RET,70899,76952,74531,69263
2024-08-01,V-TRO-12,CH-CLB,38672,41974,40653,37780
2024-08-01,V-TRO-12,CH-ECM,19336,20987,20327,18890
2024-08-01,V-CIT-24,CH-RET,77185,84725,81709,75859
2024-08-01,V-CIT-24,CH-CLB,42101,46214,44569,41378
2024-08-01,V-CIT-24,CH-ECM,21050,23107,22284,20689
2024-08-01,V-BER-24,CH-RET,64497,72107,69063,63333
2024-08-01,V-BER-24,CH-CLB,35180,39331,37671,34546
2024-08-01,V-BER-24,CH-ECM,17590,19665,18835,17273
2024-08-01,V-GIN-12,CH-RET,51195,57218,54809,51127
2024-08-01,V-GIN-12,CH-CLB,27925,31210,29896,27887
2024-08-01,V-GIN-12,CH-ECM,13962,15605,14948,13944
2024-08-01,V-MEL-24,CH-RET,75042,82431,79476,73320
2024-08-01,V-MEL-24,CH-CLB,40932,44962,43350,39993
2024-08-01,V-MEL-24,CH-ECM,20466,22481,21675,19996
2024-08-01,V-COC-24,CH-RET,56609,61759,59699,56833
2024-08-01,V-COC-24,CH-CLB,30877,33687,32563,31000
2024-08-01,V-COC-24,CH-ECM,15439,16843,16281,15500
2024-09-01,V-CIT-12,CH-RET,122350,133785,129211,119360
2024-09-01,V-CIT-12,CH-CLB,66736,72974,70479,65106
2024-09-01,V-CIT-12,CH-ECM,33368,36487,35239,32553
2024-09-01,V-BER-12,CH-RET,92097,101859,97954,91755
2024-09-01,V-BER-12,CH-CLB,50235,55559,53430,50048
2024-09-01,V-BER-12,CH-ECM,25117,27780,26715,25024
2024-09-01,V-TRO-12,CH-RET,65476,72163,69488,64582
2024-09-01,V-TRO-12,CH-CLB,35714,39362,37903,35226
2024-09-01,V-TRO-12,CH-ECM,17857,19681,18951,17613
2024-09-01,V-CIT-24,CH-RET,72602,81028,77657,73892
2024-09-01,V-CIT-24,CH-CLB,39601,44197,42359,40305
2024-09-01,V-CIT-24,CH-ECM,19801,22098,21179,20152
2024-09-01,V-BER-24,CH-RET,59678,64816,62761,58340
2024-09-01,V-BER-24,CH-CLB,32552,35354,34233,31822
2024-09-01,V-BER-24,CH-ECM,16276,17677,17117,15911
2024-09-01,V-GIN-12,CH-RET,48781,53465,51591,47534
2024-09-01,V-GIN-12,CH-CLB,26608,29163,28141,25928
2024-09-01,V-GIN-12,CH-ECM,13304,14581,14070,12964
2024-09-01,V-MEL-24,CH-RET,69324,76252,73480,70225
2024-09-01,V-MEL-24,CH-CLB,37813,41592,40080,38304
2024-09-01,V-MEL-24,CH-ECM,18906,20796,20040,19152
2024-09-01,V-COC-24,CH-RET,52969,58784,56458,51535
2024-09-01,V-COC-24,CH-CLB,28892,32064,30795,28110
2024-09-01,V-COC-24,CH-ECM,14446,16032,15398,14055
2024-10-01,V-CIT-12,CH-RET,116769,130068,124749,117495
2024-10-01,V-CIT-12,CH-CLB,63692,70946,68045,64088
2024-10-01,V-CIT-12,CH-ECM,31846,35473,34022,32044
2024-10-01,V-BER-12,CH-RET,88245,95731,92737,86787
2024-10-01,V-BER-12,CH-CLB,48133,52217,50584,47338
2024-10-01,V-BER-12,CH-ECM,24067,26109,25292,23669
2024-10-01,V-TRO-12,CH-RET,63773,70705,67932,62638
2024-10-01,V-TRO-12,CH-CLB,34785,38566,37054,34166
2024-10-01,V-TRO-12,CH-ECM,17393,19283,18527,17083
2024-10-01,V-CIT-24,CH-RET,69695,75507,73183,69760
2024-10-01,V-CIT-24,CH-CLB,38016,41186,39918,38051
2024-10-01,V-CIT-24,CH-ECM,19008,20593,19959,19025
2024-10-01,V-BER-24,CH-RET,58302,64282,61890,57316
2024-10-01,V-BER-24,CH-CLB,31801,35063,33758,31263
2024-10-01,V-BER-24,CH-ECM,15901,17531,16879,15632
2024-10-01,V-GIN-12,CH-RET,46822,50668,49130,45837
2024-10-01,V-GIN-12,CH-CLB,25539,27637,26798,25002
2024-10-01,V-GIN-12,CH-ECM,12770,13819,13399,12501
2024-10-01,V-MEL-24,CH-RET,65450,71401,69021,66764
2024-10-01,V-MEL-24,CH-CLB,35700,38946,37648,36417
2024-10-01,V-MEL-24,CH-ECM,17850,19473,18824,18208
2024-10-01,V-COC-24,CH-RET,50790,55863,53834,52022
2024-10-01,V-COC-24,CH-CLB,27704,30471,29364,28376
2024-10-01,V-COC-24,CH-ECM,13852,15235,14682,14188
2024-11-01,V-CIT-12,CH-RET,118507,131447,126271,118765
2024-11-01,V-CIT-12,CH-CLB,64640,71698,68875,64781
2024-11-01,V-CIT-12,CH-ECM,32320,35849,34438,32390
2024-11-01,V-BER-12,CH-RET,87649,96723,93093,86229
2024-11-01,V-BER-12,CH-CLB,47808,52758,50778,47034
2024-11-01,V-BER-12,CH-ECM,23904,26379,25389,23517
2024-11-01,V-TRO-12,CH-RET,63409,69152,66855,63366
2024-11-01,V-TRO-12,CH-CLB,34587,37719,36466,34563
2024-11-01,V-TRO-12,CH-ECM,17293,18860,18233,17282
2024-11-01,V-CIT-24,CH-RET,70014,76554,73938,71351
2024-11-01,V-CIT-24,CH-CLB,38189,41757,40330,38919
2024-11-01,V-CIT-24,CH-ECM,19095,20878,20165,19459
2024-11-01,V-BER-24,CH-RET,57971,64387,61820,56815
2024-11-01,V-BER-24,CH-CLB,31620,35120,33720,30990
2024-11-01,V-BER-24,CH-ECM,15810,17560,16860,15495
2024-11-01,V-GIN-12,CH-RET,46429,50708,48997,47805
2024-11-01,V-GIN-12,CH-CLB,25325,27659,26725,26076
2024-11-01,V-GIN-12,CH-ECM,12663,13829,13363,13038
2024-11-01,V-MEL-24,CH-RET,64693,70499,68176,64892
2024-11-01,V-MEL-24,CH-CLB,35287,38454,37187,35395
2024-11-01,V-MEL-24,CH-ECM,17643,19227,18594,17698
2024-11-01,V-COC-24,CH-RET,49946,55537,53300,50266
2024-11-01,V-COC-24,CH-CLB,27243,30293,29073,27418
2024-11-01,V-COC-24,CH-ECM,13622,15146,14536,13709
2024-12-01,V-CIT-12,CH-RET,128968,141238,136330,129371
2024-12-01,V-CIT-12,CH-CLB,70346,77039,74362,70566
2024-12-01,V-CIT-12,CH-ECM,35173,38520,37181,35283
2024-12-01,V-BER-12,CH-RET,94494,102321,99190,95237
2024-12-01,V-BER-12,CH-CLB,51542,55812,54104,51947
2024-12-01,V-BER-12,CH-ECM,25771,27906,27052,25974
2024-12-01,V-TRO-12,CH-RET,68680,76498,73371,67000
2024-12-01,V-TRO-12,CH-CLB,37462,41726,40020,36545
2024-12-01,V-TRO-12,CH-ECM,18731,20863,20010,18273
2024-12-01,V-CIT-24,CH-RET,75722,83817,80579,74471
2024-12-01,V-CIT-24,CH-CLB,41303,45719,43952,40620
2024-12-01,V-CIT-24,CH-ECM,20651,22859,21976,20310
2024-12-01,V-BER-24,CH-RET,62337,69188,66448,60895
2024-12-01,V-BER-24,CH-CLB,34002,37739,36244,33215
2024-12-01,V-BER-24,CH-ECM,17001,18870,18122,16608
2024-12-01,V-GIN-12,CH-RET,49534,55012,52821,49850
2024-12-01,V-GIN-12,CH-CLB,27019,30006,28811,27191
2024-12-01,V-GIN-12,CH-ECM,13509,15003,14406,13596
2024-12-01,V-MEL-24,CH-RET,67863,75794,72621,67896
2024-12-01,V-MEL-24,CH-CLB,37016,41342,39612,37034
2024-12-01,V-MEL-24,CH-ECM,18508,20671,19806,18517
2024-12-01,V-COC-24,CH-RET,53659,59318,57054,54048
2024-12-01,V-COC-24,CH-CLB,29268,32355,31120,29481
2024-12-01,V-COC-24,CH-ECM,14634,16178,15560,14740
2025-01-01,V-CIT-12,CH-RET,118653,131080,126109,121228
2025-01-01,V-CIT-12,CH-CLB,64720,71498,68787,66124
2025-01-01,V-CIT-12,CH-ECM,32360,35749,34393,33062
2025-01-01,V-BER-12,CH-RET,86874,96970,92931,88748
2025-01-01,V-BER-12,CH-CLB,47386,52893,50690,48408
2025-01-01,V-BER-12,CH-ECM,23693,26446,25345,24204
2025-01-01,V-TRO-12,CH-RET,62332,68009,65738,60476
2025-01-01,V-TRO-12,CH-CLB,33999,37096,35857,32987
2025-01-01,V-TRO-12,CH-ECM,17000,18548,17929,16493
2025-01-01,V-CIT-24,CH-RET,68733,74298,72072,67680
2025-01-01,V-CIT-24,CH-CLB,37491,40526,39312,36917
2025-01-01,V-CIT-24,CH-ECM,18745,20263,19656,18458
2025-01-01,V-BER-24,CH-RET,57363,64166,61445,56014
2025-01-01,V-BER-24,CH-CLB,31289,35000,33515,30553
2025-01-01,V-BER-24,CH-ECM,15645,17500,16758,15277
2025-01-01,V-GIN-12,CH-RET,45969,50061,48424,46031
2025-01-01,V-GIN-12,CH-CLB,25074,27306,26413,25108
2025-01-01,V-GIN-12,CH-ECM,12537,13653,13207,12554
2025-01-01,V-MEL-24,CH-RET,61886,68975,66139,61055
2025-01-01,V-MEL-24,CH-CLB,33756,37623,36076,33303
2025-01-01,V-MEL-24,CH-ECM,16878,18811,18038,16651
2025-01-01,V-COC-24,CH-RET,49290,54654,52508,49760
2025-01-01,V-COC-24,CH-CLB,26885,29811,28641,27142
2025-01-01,V-COC-24,CH-ECM,13443,14906,14320,13571
2025-02-01,V-CIT-12,CH-RET,119355,132267,127102,116102
2025-02-01,V-CIT-12,CH-CLB,65102,72145,69328,63328
2025-02-01,V-CIT-12,CH-ECM,32551,36073,34664,31664
2025-02-01,V-BER-12,CH-RET,87222,95030,91906,88106
2025-02-01,V-BER-12,CH-CLB,47575,51834,50131,48058
2025-02-01,V-BER-12,CH-ECM,23788,25917,25065,24029
2025-02-01,V-TRO-12,CH-RET,63022,69670,67011,62122
2025-02-01,V-TRO-12,CH-CLB,34376,38002,36551,33885
2025-02-01,V-TRO-12,CH-ECM,17188,19001,18276,16942
2025-02-01,V-CIT-24,CH-RET,69505,77428,74259,67724
2025-02-01,V-CIT-24,CH-CLB,37912,42233,40505,36940
2025-02-01,V-CIT-24,CH-ECM,18956,21117,20252,18470
2025-02-01,V-BER-24,CH-RET,56689,61931,59834,57292
2025-02-01,V-BER-24,CH-CLB,30921,33781,32637,31250
2025-02-01,V-BER-24,CH-ECM,15461,16890,16318,15625
2025-02-01,V-GIN-12,CH-RET,45807,50283,48492,46797
2025-02-01,V-GIN-12,CH-CLB,24986,27427,26450,25526
2025-02-01,V-GIN-12,CH-ECM,12493,13713,13225,12763
2025-02-01,V-MEL-24,CH-RET,61121,67025,64664,62714
2025-02-01,V-MEL-24,CH-CLB,33339,36559,35271,34208
2025-02-01,V-MEL-24,CH-ECM,16669,18280,17636,17104
2025-02-01,V-COC-24,CH-RET,49447,54646,52566,50644
2025-02-01,V-COC-24,CH-CLB,26971,29807,28673,27624
2025-02-01,V-COC-24,CH-ECM,13486,14903,14336,13812
2025-03-01,V-CIT-12,CH-RET,126196,137753,133130,116913
2025-03-01,V-CIT-12,CH-CLB,68834,75138,72617,63771
2025-03-01,V-CIT-12,CH-ECM,34417,37569,36308,31885
2025-03-01,V-BER-12,CH-RET,92791,100705,97539,95215
2025-03-01,V-BER-12,CH-CLB,50613,54930,53203,51936
2025-03-01,V-BER-12,CH-ECM,25307,27465,26602,25968
2025-03-01,V-TRO-12,CH-RET,66605,73403,70684,66316
2025-03-01,V-TRO-12,CH-CLB,36330,40038,38555,36172
2025-03-01,V-TRO-12,CH-ECM,18165,20019,19277,18086
2025-03-01,V-CIT-24,CH-RET,73527,81261,78167,72179
2025-03-01,V-CIT-24,CH-CLB,40105,44324,42637,39370
2025-03-01,V-CIT-24,CH-ECM,20053,22162,21318,19685
2025-03-01,V-BER-24,CH-RET,61076,66931,64589,61864
2025-03-01,V-BER-24,CH-CLB,33314,36508,35230,33744
2025-03-01,V-BER-24,CH-ECM,16657,18254,17615,16872
2025-03-01,V-GIN-12,CH-RET,48924,53436,51631,49280
2025-03-01,V-GIN-12,CH-CLB,26686,29147,28162,26880
2025-03-01,V-GIN-12,CH-ECM,13343,14573,14081,13440
2025-03-01,V-MEL-24,CH-RET,63333,70478,67620,62508
2025-03-01,V-MEL-24,CH-CLB,34545,38443,36884,34095
2025-03-01,V-MEL-24,CH-ECM,17273,19221,18442,17048
2025-03-01,V-COC-24,CH-RET,51879,56670,54754,51695
2025-03-01,V-COC-24,CH-CLB,28298,30911,29866,28197
2025-03-01,V-COC-24,CH-ECM,14149,15456,14933,14099
2025-04-01,V-CIT-12,CH-RET,131461,142509,138090,122398
2025-04-01,V-CIT-12,CH-CLB,71706,77732,75322,66763
2025-04-01,V-CIT-12,CH-ECM,35853,38866,37661,33381
2025-04-01,V-BER-12,CH-RET,96983,106575,102738,98639
2025-04-01,V-BER-12,CH-CLB,52900,58132,56039,53803
2025-04-01,V-BER-12,CH-ECM,26450,29066,28019,26902
2025-04-01,V-TRO-12,CH-RET,67900,73536,71281,69460
2025-04-01,V-TRO-12,CH-CLB,37036,40111,38881,37887
2025-04-01,V-TRO-12,CH-ECM,18518,20055,19440,18944
2025-04-01,V-CIT-24,CH-RET,76613,84258,81200,75437
2025-04-01,V-CIT-24,CH-CLB,41789,45959,44291,41147
2025-04-01,V-CIT-24,CH-ECM,20895,22979,22145,20574
2025-04-01,V-BER-24,CH-RET,62078,68760,66087,62552
2025-04-01,V-BER-24,CH-CLB,33861,37505,36047,34119
2025-04-01,V-BER-24,CH-ECM,16930,18753,18024,17060
2025-04-01,V-GIN-12,CH-RET,50191,55692,53492,51539
2025-04-01,V-GIN-12,CH-CLB,27377,30377,29177,28112
2025-04-01,V-GIN-12,CH-ECM,13688,15189,14589,14056
2025-04-01,V-MEL-24,CH-RET,64290,70943,68282,66215
2025-04-01,V-MEL-24,CH-CLB,35068,38696,37245,36117
2025-04-01,V-MEL-24,CH-ECM,17534,19348,18622,18059
2025-04-01,V-COC-24,CH-RET,53380,59214,56880,52067
2025-04-01,V-COC-24,CH-CLB,29116,32299,31026,28400
2025-04-01,V-COC-24,CH-ECM,14558,16149,15513,14200
2025-05-01,V-CIT-12,CH-RET,139235,152406,147137,126315
2025-05-01,V-CIT-12,CH-CLB,75946,83130,80257,68899
2025-05-01,V-CIT-12,CH-ECM,37973,41565,40128,34450
2025-05-01,V-BER-12,CH-RET,101992,110928,107353,99525
2025-05-01,V-BER-12,CH-CLB,55632,60506,58556,54286
2025-05-01,V-BER-12,CH-ECM,27816,30253,29278,27143
2025-05-01,V-TRO-12,CH-RET,72130,79474,76536,73578
2025-05-01,V-TRO-12,CH-CLB,39343,43349,41747,40133
2025-05-01,V-TRO-12,CH-ECM,19672,21675,20874,20067
2025-05-01,V-CIT-24,CH-RET,80004,86422,83855,81208
2025-05-01,V-CIT-24,CH-CLB,43638,47139,45739,44296
2025-05-01,V-CIT-24,CH-ECM,21819,23570,22869,22148
2025-05-01,V-BER-24,CH-RET,64809,71997,69122,66172
2025-05-01,V-BER-24,CH-CLB,35351,39271,37703,36094
2025-05-01,V-BER-24,CH-ECM,17675,19635,18851,18047
2025-05-01,V-GIN-12,CH-RET,51910,56501,54665,52410
2025-05-01,V-GIN-12,CH-CLB,28315,30819,29817,28587
2025-05-01,V-GIN-12,CH-ECM,14157,15409,14909,14294
2025-05-01,V-MEL-24,CH-RET,66357,72060,69779,66511
2025-05-01,V-MEL-24,CH-CLB,36195,39306,38061,36279
2025-05-01,V-MEL-24,CH-ECM,18097,19653,19031,18139
2025-05-01,V-COC-24,CH-RET,55158,61220,58795,54085
2025-05-01,V-COC-24,CH-CLB,30086,33393,32070,29501
2025-05-01,V-COC-24,CH-ECM,15043,16696,16035,14750
2025-06-01,V-CIT-12,CH-RET,144834,157967,152714,134266
2025-06-01,V-CIT-12,CH-CLB,79000,86164,83298,73236
2025-06-01,V-CIT-12,CH-ECM,39500,43082,41649,36618
2025-06-01,V-BER-12,CH-RET,105806,116063,111960,105596
2025-06-01,V-BER-12,CH-CLB,57712,63307,61069,57598
2025-06-01,V-BER-12,CH-ECM,28856,31653,30535,28799
2025-06-01,V-TRO-12,CH-RET,74677,81094,78527,73008
2025-06-01,V-TRO-12,CH-CLB,40733,44233,42833,39822
2025-06-01,V-TRO-12,CH-ECM,20366,22116,21416,19911
2025-06-01,V-CIT-24,CH-RET,83682,90733,87913,83306
2025-06-01,V-CIT-24,CH-CLB,45645,49491,47952,45440
2025-06-01,V-CIT-24,CH-ECM,22822,24745,23976,22720
2025-06-01,V-BER-24,CH-RET,68208,73995,71680,70188
2025-06-01,V-BER-24,CH-CLB,37204,40361,39098,38284
2025-06-01,V-BER-24,CH-ECM,18602,20180,19549,19142
2025-06-01,V-GIN-12,CH-RET,53990,58685,56807,52614
2025-06-01,V-GIN-12,CH-CLB,29449,32010,30986,28698
2025-06-01,V-GIN-12,CH-ECM,14725,16005,15493,14349
2025-06-01,V-MEL-24,CH-RET,67935,74869,72096,68112
2025-06-01,V-MEL-24,CH-CLB,37055,40838,39325,37152
2025-06-01,V-MEL-24,CH-ECM,18528,20419,19662,18576
2025-06-01,V-COC-24,CH-RET,57052,62847,60529,58666
2025-06-01,V-COC-24,CH-CLB,31119,34280,33016,32000
2025-06-01,V-COC-24,CH-ECM,15560,17140,16508,16000
2025-07-01,V-CIT-12,CH-RET,150401,166098,159819,138993
2025-07-01,V-CIT-12,CH-CLB,82037,90599,87174,75815
2025-07-01,V-CIT-12,CH-ECM,41019,45299,43587,37907
2025-07-01,V-BER-12,CH-RET,109153,120826,116157,112324
2025-07-01,V-BER-12,CH-CLB,59538,65905,63358,61268
2025-07-01,V-BER-12,CH-ECM,29769,32952,31679,30634
2025-07-01,V-TRO-12,CH-RET,75927,84731,81209,77276
2025-07-01,V-TRO-12,CH-CLB,41414,46217,44296,42150
2025-07-01,V-TRO-12,CH-ECM,20707,23108,22148,21075
2025-07-01,V-CIT-24,CH-RET,84672,94691,90683,84764
2025-07-01,V-CIT-24,CH-CLB,46185,51650,49464,46235
2025-07-01,V-CIT-24,CH-ECM,23092,25825,24732,23117
2025-07-01,V-BER-24,CH-RET,69985,76555,73927,69684
2025-07-01,V-BER-24,CH-CLB,38173,41757,40324,38009
2025-07-01,V-BER-24,CH-ECM,19087,20879,20162,19005
2025-07-01,V-GIN-12,CH-RET,54980,60370,58214,55290
2025-07-01,V-GIN-12,CH-CLB,29989,32929,31753,30158
2025-07-01,V-GIN-12,CH-ECM,14995,16464,15877,15079
2025-07-01,V-MEL-24,CH-RET,68588,74958,72410,67307
2025-07-01,V-MEL-24,CH-CLB,37412,40886,39497,36713
2025-07-01,V-MEL-24,CH-ECM,18706,20443,19748,18356
2025-07-01,V-COC-24,CH-RET,58556,65380,62651,59717
2025-07-01,V-COC-24,CH-CLB,31940,35662,34173,32573
2025-07-01,V-COC-24,CH-ECM,15970,17831,17087,16287
2025-08-01,V-CIT-12,CH-RET,146859,159568,154484,134202
2025-08-01,V-CIT-12,CH-CLB,80105,87037,84264,73201
2025-08-01,V-CIT-12,CH-ECM,40053,43519,42132,36601
2025-08-01,V-BER-12,CH-RET,104683,114743,110719,103673
2025-08-01,V-BER-12,CH-CLB,57100,62587,60392,56549
2025-08-01,V-BER-12,CH-ECM,28550,31294,30196,28275
2025-08-01,V-TRO-12,CH-RET,74329,82947,79500,73036
2025-08-01,V-TRO-12,CH-CLB,40543,45244,43364,39838
2025-08-01,V-TRO-12,CH-ECM,20271,22622,21682,19919
2025-08-01,V-CIT-24,CH-RET,81902,89271,86323,83614
2025-08-01,V-CIT-24,CH-CLB,44674,48693,47086,45608
2025-08-01,V-CIT-24,CH-ECM,22337,24347,23543,22804
2025-08-01,V-BER-24,CH-RET,67205,73941,71247,66565
2025-08-01,V-BER-24,CH-CLB,36657,40332,38862,36308
2025-08-01,V-BER-24,CH-ECM,18329,20166,19431,18154
2025-08-01,V-GIN-12,CH-RET,53501,58276,56366,54165
2025-08-01,V-GIN-12,CH-CLB,29182,31787,30745,29544
2025-08-01,V-GIN-12,CH-ECM,14591,15893,15372,14772
2025-08-01,V-MEL-24,CH-RET,65755,72520,69814,64704
2025-08-01,V-MEL-24,CH-CLB,35866,39556,38080,35293
2025-08-01,V-MEL-24,CH-ECM,17933,19778,19040,17647
2025-08-01,V-COC-24,CH-RET,56156,62501,59963,56095
2025-08-01,V-COC-24,CH-CLB,30630,34091,32707,30597
2025-08-01,V-COC-24,CH-ECM,15315,17046,16353,15299
2025-09-01,V-CIT-12,CH-RET,139568,154307,148411,129432
2025-09-01,V-CIT-12,CH-CLB,76128,84167,80952,70599
2025-09-01,V-CIT-12,CH-ECM,38064,42084,40476,35300
2025-09-01,V-BER-12,CH-RET,100121,109126,105524,98260
2025-09-01,V-BER-12,CH-CLB,54611,59523,57558,53596
2025-09-01,V-BER-12,CH-ECM,27306,29762,28779,26798
2025-09-01,V-TRO-12,CH-RET,68947,74746,72427,70106
2025-09-01,V-TRO-12,CH-CLB,37608,40771,39505,38240
2025-09-01,V-TRO-12,CH-ECM,18804,20385,19753,19120
2025-09-01,V-CIT-24,CH-RET,77658,86361,82880,78439
2025-09-01,V-CIT-24,CH-CLB,42359,47106,45207,42785
2025-09-01,V-CIT-24,CH-ECM,21180,23553,22604,21393
2025-09-01,V-BER-24,CH-RET,63711,70904,68027,62203
2025-09-01,V-BER-24,CH-CLB,34751,38675,37105,33929
2025-09-01,V-BER-24,CH-ECM,17376,19337,18553,16964
2025-09-01,V-GIN-12,CH-RET,50612,55580,53593,51181
2025-09-01,V-GIN-12,CH-CLB,27606,30316,29232,27917
2025-09-01,V-GIN-12,CH-ECM,13803,15158,14616,13958
2025-09-01,V-MEL-24,CH-RET,60936,65918,63925,61831
2025-09-01,V-MEL-24,CH-CLB,33238,35955,34868,33726
2025-09-01,V-MEL-24,CH-ECM,16619,17978,17434,16863
2025-09-01,V-COC-24,CH-RET,53096,58929,56596,52582
2025-09-01,V-COC-24,CH-CLB,28961,32143,30871,28681
2025-09-01,V-COC-24,CH-ECM,14481,16072,15435,14341
2025-10-01,V-CIT-12,CH-RET,134694,150011,143884,124104
2025-10-01,V-CIT-12,CH-CLB,73469,81824,78482,67693
2025-10-01,V-CIT-12,CH-ECM,36735,40912,39241,33847
2025-10-01,V-BER-12,CH-RET,96054,105359,101637,94778
2025-10-01,V-BER-12,CH-CLB,52393,57469,55439,51697
2025-10-01,V-BER-12,CH-ECM,26197,28734,27719,25848
2025-10-01,V-TRO-12,CH-RET,67334,73816,71223,67822
2025-10-01,V-TRO-12,CH-CLB,36728,40263,38849,36994
2025-10-01,V-TRO-12,CH-ECM,18364,20132,19425,18497
2025-10-01,V-CIT-24,CH-RET,75802,83672,80524,77849
2025-10-01,V-CIT-24,CH-CLB,41347,45639,43922,42463
2025-10-01,V-CIT-24,CH-ECM,20673,22820,21961,21232
2025-10-01,V-BER-24,CH-RET,61573,68064,65468,62787
2025-10-01,V-BER-24,CH-CLB,33585,37126,35710,34248
2025-10-01,V-BER-24,CH-ECM,16793,18563,17855,17124
2025-10-01,V-GIN-12,CH-RET,48981,54443,52258,49349
2025-10-01,V-GIN-12,CH-CLB,26717,29696,28505,26917
2025-10-01,V-GIN-12,CH-ECM,13358,14848,14252,13459
2025-10-01,V-MEL-24,CH-RET,57822,64324,61723,57427
2025-10-01,V-MEL-24,CH-CLB,31539,35086,33667,31324
2025-10-01,V-MEL-24,CH-ECM,15770,17543,16834,15662
2025-10-01,V-COC-24,CH-RET,50292,56253,53869,49208
2025-10-01,V-COC-24,CH-CLB,27432,30683,29383,26841
2025-10-01,V-COC-24,CH-ECM,13716,15342,14691,13420
2025-11-01,V-CIT-12,CH-RET,133546,144401,140059,121193
2025-11-01,V-CIT-12,CH-CLB,72843,78764,76396,66106
2025-11-01,V-CIT-12,CH-ECM,36422,39382,38198,33053
2025-11-01,V-BER-12,CH-RET,95368,106519,102059,95042
2025-11-01,V-BER-12,CH-CLB,52019,58101,55668,51841
2025-11-01,V-BER-12,CH-ECM,26009,29051,27834,25921
2025-11-01,V-TRO-12,CH-RET,65943,73671,70580,67385
2025-11-01,V-TRO-12,CH-CLB,35969,40184,38498,36756
2025-11-01,V-TRO-12,CH-ECM,17984,20092,19249,18378
2025-11-01,V-CIT-24,CH-RET,75301,83170,80023,76292
2025-11-01,V-CIT-24,CH-CLB,41073,45366,43649,41614
2025-11-01,V-CIT-24,CH-ECM,20537,22683,21824,20807
2025-11-01,V-BER-24,CH-RET,60879,66810,64437,61733
2025-11-01,V-BER-24,CH-CLB,33207,36442,35148,33673
2025-11-01,V-BER-24,CH-ECM,16603,18221,17574,16836
2025-11-01,V-GIN-12,CH-RET,48381,54059,51788,48164
2025-11-01,V-GIN-12,CH-CLB,26390,29487,28248,26271
2025-11-01,V-GIN-12,CH-ECM,13195,14743,14124,13136
2025-11-01,V-MEL-24,CH-RET,56573,62956,60402,58205
2025-11-01,V-MEL-24,CH-CLB,30858,34339,32947,31748
2025-11-01,V-MEL-24,CH-ECM,15429,17170,16473,15874
2025-11-01,V-COC-24,CH-RET,50628,56420,54103,51309
2025-11-01,V-COC-24,CH-CLB,27615,30775,29511,27987
2025-11-01,V-COC-24,CH-ECM,13808,15387,14755,13993
2025-12-01,V-CIT-12,CH-RET,144969,157790,152662,133707
2025-12-01,V-CIT-12,CH-CLB,79074,86067,83270,72931
2025-12-01,V-CIT-12,CH-ECM,39537,43034,41635,36465
2025-12-01,V-BER-12,CH-RET,104326,114969,110712,101513
2025-12-01,V-BER-12,CH-CLB,56905,62710,60388,55371
2025-12-01,V-BER-12,CH-ECM,28453,31355,30194,27685
2025-12-01,V-TRO-12,CH-RET,72215,80334,77086,73868
2025-12-01,V-TRO-12,CH-CLB,39390,43819,42047,40291
2025-12-01,V-TRO-12,CH-ECM,19695,21909,21024,20146
2025-12-01,V-CIT-24,CH-RET,80625,89754,86102,80857
2025-12-01,V-CIT-24,CH-CLB,43977,48957,46965,44104
2025-12-01,V-CIT-24,CH-ECM,21989,24478,23482,22052
2025-12-01,V-BER-24,CH-RET,65921,71907,69513,67140
2025-12-01,V-BER-24,CH-CLB,35957,39222,37916,36622
2025-12-01,V-BER-24,CH-ECM,17979,19611,18958,18311
2025-12-01,V-GIN-12,CH-RET,51958,57461,55260,53231
2025-12-01,V-GIN-12,CH-CLB,28341,31342,30142,29035
2025-12-01,V-GIN-12,CH-ECM,14170,15671,15071,14518
2025-12-01,V-MEL-24,CH-RET,59853,64730,62779,59861
2025-12-01,V-MEL-24,CH-CLB,32647,35307,34243,32652
2025-12-01,V-MEL-24,CH-ECM,16324,17654,17122,16326
2025-12-01,V-COC-24,CH-RET,54334,60783,58203,55327
2025-12-01,V-COC-24,CH-CLB,29637,33154,31747,30178
2025-12-01,V-COC-24,CH-ECM,14818,16577,15874,15089
2026-01-01,V-CIT-12,CH-RET,135390,147926,142911,122200
2026-01-01,V-CIT-12,CH-CLB,73849,80687,77952,66655
2026-01-01,V-CIT-12,CH-ECM,36925,40343,38976,33327
2026-01-01,V-BER-12,CH-RET,96159,107068,102704,98865
2026-01-01,V-BER-12,CH-CLB,52450,58400,56020,53926
2026-01-01,V-BER-12,CH-ECM,26225,29200,28010,26963
2026-01-01,V-TRO-12,CH-RET,64926,72033,69190,64272
2026-01-01,V-TRO-12,CH-CLB,35414,39291,37740,35058
2026-01-01,V-TRO-12,CH-ECM,17707,19645,18870,17529
2026-01-01,V-CIT-24,CH-RET,74577,82761,79488,74464
2026-01-01,V-CIT-24,CH-CLB,40678,45143,43357,40617
2026-01-01,V-CIT-24,CH-ECM,20339,22571,21678,20308
2026-01-01,V-BER-24,CH-RET,59895,65845,63465,59663
2026-01-01,V-BER-24,CH-CLB,32670,35915,34617,32544
2026-01-01,V-BER-24,CH-ECM,16335,17958,17309,16272
2026-01-01,V-GIN-12,CH-RET,47841,51805,50220,46882
2026-01-01,V-GIN-12,CH-CLB,26095,28257,27393,25572
2026-01-01,V-GIN-12,CH-ECM,13048,14129,13696,12786
2026-01-01,V-MEL-24,CH-RET,54147,60362,57876,55362
2026-01-01,V-MEL-24,CH-CLB,29535,32925,31569,30198
2026-01-01,V-MEL-24,CH-ECM,14767,16462,15784,15099
2026-01-01,V-COC-24,CH-RET,48983,54451,52264,47555
2026-01-01,V-COC-24,CH-CLB,26718,29701,28508,25939
2026-01-01,V-COC-24,CH-ECM,13359,14850,14254,12969
2026-02-01,V-CIT-12,CH-RET,135570,151375,145053,125640
2026-02-01,V-CIT-12,CH-CLB,73947,82568,79120,68531
2026-02-01,V-CIT-12,CH-ECM,36974,41284,39560,34266
2026-02-01,V-BER-12,CH-RET,96712,107732,103324,94776
2026-02-01,V-BER-12,CH-CLB,52752,58763,56359,51696
2026-02-01,V-BER-12,CH-ECM,26376,29382,28179,25848
2026-02-01,V-TRO-12,CH-RET,66383,73824,70848,67833
2026-02-01,V-TRO-12,CH-CLB,36209,40268,38644,37000
2026-02-01,V-TRO-12,CH-ECM,18105,20134,19322,18500
2026-02-01,V-CIT-24,CH-RET,74049,80705,78043,74661
2026-02-01,V-CIT-24,CH-CLB,40390,44021,42569,40724
2026-02-01,V-CIT-24,CH-ECM,20195,22011,21284,20362
2026-02-01,V-BER-24,CH-RET,60371,65848,63657,61645
2026-02-01,V-BER-24,CH-CLB,32929,35917,34722,33624
2026-02-01,V-BER-24,CH-ECM,16465,17959,17361,16812
2026-02-01,V-GIN-12,CH-RET,47503,52726,50637,47700
2026-02-01,V-GIN-12,CH-CLB,25911,28760,27620,26018
2026-02-01,V-GIN-12,CH-ECM,12955,14380,13810,13009
2026-02-01,V-MEL-24,CH-RET,53413,58809,56651,53275
2026-02-01,V-MEL-24,CH-CLB,29134,32078,30900,29059
2026-02-01,V-MEL-24,CH-ECM,14567,16039,15450,14529
2026-02-01,V-COC-24,CH-RET,49151,53977,52047,49661
2026-02-01,V-COC-24,CH-CLB,26810,29442,28389,27088
2026-02-01,V-COC-24,CH-ECM,13405,14721,14195,13544
2026-03-01,V-CIT-12,CH-RET,143971,156909,151734,134298
2026-03-01,V-CIT-12,CH-CLB,78530,85587,82764,73254
2026-03-01,V-CIT-12,CH-ECM,39265,42793,41382,36627
2026-03-01,V-BER-12,CH-RET,101694,110699,107097,101090
2026-03-01,V-BER-12,CH-CLB,55469,60381,58417,55140
2026-03-01,V-BER-12,CH-ECM,27735,30191,29208,27570
2026-03-01,V-TRO-12,CH-RET,70032,76382,73842,71240
2026-03-01,V-TRO-12,CH-CLB,38199,41663,40277,38858
2026-03-01,V-TRO-12,CH-ECM,19100,20831,20139,19429
2026-03-01,V-CIT-24,CH-RET,79227,87218,84022,79830
2026-03-01,V-CIT-24,CH-CLB,43215,47573,45830,43544
2026-03-01,V-CIT-24,CH-ECM,21607,23787,22915,21772
2026-03-01,V-BER-24,CH-RET,63968,69307,67171,65432
2026-03-01,V-BER-24,CH-CLB,34891,37804,36639,35690
2026-03-01,V-BER-24,CH-ECM,17446,18902,18319,17845
2026-03-01,V-GIN-12,CH-RET,50174,54438,52733,50742
2026-03-01,V-GIN-12,CH-CLB,27368,29693,28763,27678
2026-03-01,V-GIN-12,CH-ECM,13684,14847,14382,13839
2026-03-01,V-MEL-24,CH-RET,55972,61368,59210,56492
2026-03-01,V-MEL-24,CH-CLB,30530,33473,32296,30814
2026-03-01,V-MEL-24,CH-ECM,15265,16737,16148,15407
2026-03-01,V-COC-24,CH-RET,51906,57272,55125,52910
2026-03-01,V-COC-24,CH-CLB,28312,31239,30068,28860
2026-03-01,V-COC-24,CH-ECM,14156,15620,15034,14430
2026-04-01,V-CIT-12,CH-RET,149956,165459,159257,140018
2026-04-01,V-CIT-12,CH-CLB,81794,90250,86868,76374
2026-04-01,V-CIT-12,CH-ECM,40897,45125,43434,38187
2026-04-01,V-BER-12,CH-RET,104629,114586,110603,107676
2026-04-01,V-BER-12,CH-CLB,57071,62501,60329,58732
2026-04-01,V-BER-12,CH-ECM,28535,31251,30165,29366
2026-04-01,V-TRO-12,CH-RET,71436,79643,76361,72973
2026-04-01,V-TRO-12,CH-CLB,38965,43442,41651,39804
2026-04-01,V-TRO-12,CH-ECM,19483,21721,20826,19902
2026-04-01,V-CIT-24,CH-RET,81288,88043,85341,80243
2026-04-01,V-CIT-24,CH-CLB,44339,48023,46549,43769
2026-04-01,V-CIT-24,CH-ECM,22169,24012,23275,21884
2026-04-01,V-BER-24,CH-RET,65403,71851,69272,65836
2026-04-01,V-BER-24,CH-CLB,35674,39191,37785,35911
2026-04-01,V-BER-24,CH-ECM,17837,19596,18892,17955
2026-04-01,V-GIN-12,CH-RET,52292,58448,55985,52294
2026-04-01,V-GIN-12,CH-CLB,28523,31880,30538,28524
2026-04-01,V-GIN-12,CH-ECM,14262,15940,15269,14262
2026-04-01,V-MEL-24,CH-RET,56412,61984,59755,58000
2026-04-01,V-MEL-24,CH-CLB,30770,33810,32594,31636
2026-04-01,V-MEL-24,CH-ECM,15385,16905,16297,15818
2026-04-01,V-COC-24,CH-RET,53764,58298,56485,52906
2026-04-01,V-COC-24,CH-CLB,29326,31799,30810,28858
2026-04-01,V-COC-24,CH-ECM,14663,15900,15405,14429
2026-05-01,V-CIT-12,CH-RET,157980,172004,166395,143830
2026-05-01,V-CIT-12,CH-CLB,86171,93820,90761,78452
2026-05-01,V-CIT-12,CH-ECM,43085,46910,45380,39226
2026-05-01,V-BER-12,CH-RET,109973,122219,117321,109676
2026-05-01,V-BER-12,CH-CLB,59985,66665,63993,59823
2026-05-01,V-BER-12,CH-ECM,29993,33333,31997,29912
2026-05-01,V-TRO-12,CH-RET,74712,83129,79762,74534
2026-05-01,V-TRO-12,CH-CLB,40752,45343,43507,40655
2026-05-01,V-TRO-12,CH-ECM,20376,22672,21753,20327
2026-05-01,V-CIT-24,CH-RET,84948,92830,89677,85153
2026-05-01,V-CIT-24,CH-CLB,46335,50635,48915,46447
2026-05-01,V-CIT-24,CH-ECM,23168,25317,24457,23223
2026-05-01,V-BER-24,CH-RET,68430,73983,71762,69871
2026-05-01,V-BER-24,CH-CLB,37326,40354,39143,38111
2026-05-01,V-BER-24,CH-ECM,18663,20177,19571,19056
2026-05-01,V-GIN-12,CH-RET,54297,58816,57008,52798
2026-05-01,V-GIN-12,CH-CLB,29617,32081,31095,28799
2026-05-01,V-GIN-12,CH-ECM,14808,16041,15548,14400
2026-05-01,V-MEL-24,CH-RET,58218,64489,61980,58741
2026-05-01,V-MEL-24,CH-CLB,31755,35176,33807,32041
2026-05-01,V-MEL-24,CH-ECM,15878,17588,16904,16020
2026-05-01,V-COC-24,CH-RET,54859,61188,58656,55061
2026-05-01,V-COC-24,CH-CLB,29923,33375,31994,30033
2026-05-01,V-COC-24,CH-ECM,14962,16688,15997,15017
2026-06-01,V-CIT-12,CH-RET,166107,180000,174443,155033
2026-06-01,V-CIT-12,CH-CLB,90604,98182,95151,84564
2026-06-01,V-CIT-12,CH-ECM,45302,49091,47575,42282
2026-06-01,V-BER-12,CH-RET,115310,128950,123494,118737
2026-06-01,V-BER-12,CH-CLB,62896,70336,67360,64766
2026-06-01,V-BER-12,CH-ECM,31448,35168,33680,32383
2026-06-01,V-TRO-12,CH-RET,77977,86696,83208,76702
2026-06-01,V-TRO-12,CH-CLB,42533,47289,45386,41838
2026-06-01,V-TRO-12,CH-ECM,21266,23644,22693,20919
2026-06-01,V-CIT-24,CH-RET,88415,96306,93149,89443
2026-06-01,V-CIT-24,CH-CLB,48226,52530,50809,48787
2026-06-01,V-CIT-24,CH-ECM,24113,26265,25404,24394
2026-06-01,V-BER-24,CH-RET,71020,77304,74790,72289
2026-06-01,V-BER-24,CH-CLB,38738,42166,40795,39430
2026-06-01,V-BER-24,CH-ECM,19369,21083,20397,19715
2026-06-01,V-GIN-12,CH-RET,56461,61706,59608,55615
2026-06-01,V-GIN-12,CH-CLB,30797,33658,32513,30336
2026-06-01,V-GIN-12,CH-ECM,15398,16829,16257,15168
2026-06-01,V-MEL-24,CH-RET,60390,67280,64524,61692
2026-06-01,V-MEL-24,CH-CLB,32940,36698,35195,33650
2026-06-01,V-MEL-24,CH-ECM,16470,18349,17598,16825
2026-06-01,V-COC-24,CH-RET,57952,63102,61042,56434
2026-06-01,V-COC-24,CH-CLB,31610,34419,33296,30782
2026-06-01,V-COC-24,CH-ECM,15805,17210,16648,15391
2026-07-01,V-CIT-12,CH-RET,169617,187443,180313,158227
2026-07-01,V-CIT-12,CH-CLB,92518,102242,98352,86306
2026-07-01,V-CIT-12,CH-ECM,46259,51121,49176,43153
2026-07-01,V-BER-12,CH-RET,118567,131459,126302,116111
2026-07-01,V-BER-12,CH-CLB,64673,71705,68892,63333
2026-07-01,V-BER-12,CH-ECM,32336,35853,34446,31667
2026-07-01,V-TRO-12,CH-RET,79267,86221,83440,78451
2026-07-01,V-TRO-12,CH-CLB,43237,47030,45513,42791
2026-07-01,V-TRO-12,CH-ECM,21618,23515,22756,21396
2026-07-01,V-CIT-24,CH-RET,91567,99128,96103,91059
2026-07-01,V-CIT-24,CH-CLB,49946,54070,52420,49669
2026-07-01,V-CIT-24,CH-ECM,24973,27035,26210,24834
2026-07-01,V-BER-24,CH-RET,72837,81229,77872,73717
2026-07-01,V-BER-24,CH-CLB,39729,44307,42476,40209
2026-07-01,V-BER-24,CH-ECM,19865,22153,21238,20105
2026-07-01,V-GIN-12,CH-RET,57282,64069,61354,58437
2026-07-01,V-GIN-12,CH-CLB,31245,34947,33466,31875
2026-07-01,V-GIN-12,CH-ECM,15622,17473,16733,15937
2026-07-01,V-MEL-24,CH-RET,60267,65851,63618,61058
2026-07-01,V-MEL-24,CH-CLB,32873,35919,34700,33304
2026-07-01,V-MEL-24,CH-ECM,16436,17959,17350,16652
2026-07-01,V-COC-24,CH-RET,58899,65753,63012,58200
2026-07-01,V-COC-24,CH-CLB,32127,35866,34370,31745
2026-07-01,V-COC-24,CH-ECM,16063,17933,17185,15873
2026-08-01,V-CIT-12,CH-RET,166396,180131,174637,151322
2026-08-01,V-CIT-12,CH-CLB,90762,98253,95257,82539
2026-08-01,V-CIT-12,CH-ECM,45381,49127,47628,41270
2026-08-01,V-BER-12,CH-RET,114560,128164,122723,115104
2026-08-01,V-BER-12,CH-CLB,62487,69908,66940,62784
2026-08-01,V-BER-12,CH-ECM,31244,34954,33470,31392
2026-08-01,V-TRO-12,CH-RET,78051,87313,83608,77016
2026-08-01,V-TRO-12,CH-CLB,42573,47625,45605,42009
2026-08-01,V-TRO-12,CH-ECM,21287,23813,22802,21004
2026-08-01,V-CIT-24,CH-RET,88506,97059,93638,86950
2026-08-01,V-CIT-24,CH-CLB,48276,52941,51075,47427
2026-08-01,V-CIT-24,CH-ECM,24138,26471,25538,23714
2026-08-01,V-BER-24,CH-RET,70432,76095,73829,72325
2026-08-01,V-BER-24,CH-CLB,38417,41506,40271,39450
2026-08-01,V-BER-24,CH-ECM,19209,20753,20135,19725
2026-08-01,V-GIN-12,CH-RET,55958,62563,59921,57635
2026-08-01,V-GIN-12,CH-CLB,30522,34125,32684,31437
2026-08-01,V-GIN-12,CH-ECM,15261,17063,16342,15719
2026-08-01,V-MEL-24,CH-RET,57936,64592,61930,56323
2026-08-01,V-MEL-24,CH-CLB,31601,35232,33780,30721
2026-08-01,V-MEL-24,CH-ECM,15801,17616,16890,15361
2026-08-01,V-COC-24,CH-RET,56327,61148,59219,57835
2026-08-01,V-COC-24,CH-CLB,30724,33353,32301,31546
2026-08-01,V-COC-24,CH-ECM,15362,16677,16151,15773
2026-09-01,V-CIT-12,CH-RET,159129,175227,168788,
2026-09-01,V-CIT-12,CH-CLB,86797,95578,92066,
2026-09-01,V-CIT-12,CH-ECM,43399,47789,46033,
2026-09-01,V-BER-12,CH-RET,108439,120359,115591,
2026-09-01,V-BER-12,CH-CLB,59149,65650,63050,
2026-09-01,V-BER-12,CH-ECM,29574,32825,31525,
2026-09-01,V-TRO-12,CH-RET,72965,79969,77167,
2026-09-01,V-TRO-12,CH-CLB,39799,43619,42091,
2026-09-01,V-TRO-12,CH-ECM,19900,21810,21046,
2026-09-01,V-CIT-24,CH-RET,83034,92682,88823,
2026-09-01,V-CIT-24,CH-CLB,45291,50554,48449,
2026-09-01,V-CIT-24,CH-ECM,22646,25277,24224,
2026-09-01,V-BER-24,CH-RET,65882,73050,70182,
2026-09-01,V-BER-24,CH-CLB,35935,39845,38281,
2026-09-01,V-BER-24,CH-ECM,17968,19923,19141,
2026-09-01,V-GIN-12,CH-RET,52604,57379,55469,
2026-09-01,V-GIN-12,CH-CLB,28693,31298,30256,
2026-09-01,V-GIN-12,CH-ECM,14347,15649,15128,
2026-09-01,V-MEL-24,CH-RET,52870,58434,56208,
2026-09-01,V-MEL-24,CH-CLB,28838,31873,30659,
2026-09-01,V-MEL-24,CH-ECM,14419,15937,15330,
2026-09-01,V-COC-24,CH-RET,52566,57807,55711,
2026-09-01,V-COC-24,CH-CLB,28672,31531,30388,
2026-09-01,V-COC-24,CH-ECM,14336,15766,15194,
2026-10-01,V-CIT-12,CH-RET,154090,241408,228310,
2026-10-01,V-CIT-12,CH-CLB,84049,131677,124533,
2026-10-01,V-CIT-12,CH-ECM,42025,65839,62266,
2026-10-01,V-BER-12,CH-RET,104983,167465,158093,
2026-10-01,V-BER-12,CH-CLB,57264,91345,86233,
2026-10-01,V-BER-12,CH-ECM,28632,45672,43116,
2026-10-01,V-TRO-12,CH-RET,70213,78468,75166,
2026-10-01,V-TRO-12,CH-CLB,38298,42801,41000,
2026-10-01,V-TRO-12,CH-ECM,19149,21400,20500,
2026-10-01,V-CIT-24,CH-RET,80639,130288,122840,
2026-10-01,V-CIT-24,CH-CLB,43985,71066,67004,
2026-10-01,V-CIT-24,CH-ECM,21992,35533,33502,
2026-10-01,V-BER-24,CH-RET,64392,103417,97563,
2026-10-01,V-BER-24,CH-CLB,35123,56409,53216,
2026-10-01,V-BER-24,CH-ECM,17561,28205,26608,
2026-10-01,V-GIN-12,CH-RET,50771,55788,53781,
2026-10-01,V-GIN-12,CH-CLB,27693,30430,29335,
2026-10-01,V-GIN-12,CH-ECM,13847,15215,14668,
2026-10-01,V-MEL-24,CH-RET,51179,56802,54553,
2026-10-01,V-MEL-24,CH-CLB,27916,30983,29756,
2026-10-01,V-MEL-24,CH-ECM,13958,15492,14878,
2026-10-01,V-COC-24,CH-RET,51075,55438,53693,
2026-10-01,V-COC-24,CH-CLB,27859,30239,29287,
2026-10-01,V-COC-24,CH-ECM,13930,15120,14644,
2026-11-01,V-CIT-12,CH-RET,153628,245366,231605,
2026-11-01,V-CIT-12,CH-CLB,83797,133836,126330,
2026-11-01,V-CIT-12,CH-ECM,41898,66918,63165,
2026-11-01,V-BER-12,CH-RET,103758,168267,158591,
2026-11-01,V-BER-12,CH-CLB,56595,91782,86504,
2026-11-01,V-BER-12,CH-ECM,28298,45891,43252,
2026-11-01,V-TRO-12,CH-RET,70378,76511,74057,
2026-11-01,V-TRO-12,CH-CLB,38388,41733,40395,
2026-11-01,V-TRO-12,CH-ECM,19194,20867,20197,
2026-11-01,V-CIT-24,CH-RET,79755,124924,118148,
2026-11-01,V-CIT-24,CH-CLB,43503,68140,64445,
2026-11-01,V-CIT-24,CH-ECM,21751,34070,32222,
2026-11-01,V-BER-24,CH-RET,63647,102599,96756,
2026-11-01,V-BER-24,CH-CLB,34717,55963,52776,
2026-11-01,V-BER-24,CH-ECM,17358,27981,26388,
2026-11-01,V-GIN-12,CH-RET,50572,54985,53220,
2026-11-01,V-GIN-12,CH-CLB,27585,29992,29029,
2026-11-01,V-GIN-12,CH-ECM,13792,14996,14515,
2026-11-01,V-MEL-24,CH-RET,49223,54408,52334,
2026-11-01,V-MEL-24,CH-CLB,26849,29677,28546,
2026-11-01,V-MEL-24,CH-ECM,13424,14839,14273,
2026-11-01,V-COC-24,CH-RET,50331,55854,53645,
2026-11-01,V-COC-24,CH-CLB,27453,30466,29261,
2026-11-01,V-COC-24,CH-ECM,13727,15233,14630,
2026-12-01,V-CIT-12,CH-RET,166504,261823,247525,
2026-12-01,V-CIT-12,CH-CLB,90820,142812,135014,
2026-12-01,V-CIT-12,CH-ECM,45410,71406,67507,
2026-12-01,V-BER-12,CH-RET,112190,179562,169456,
2026-12-01,V-BER-12,CH-CLB,61195,97943,92431,
2026-12-01,V-BER-12,CH-ECM,30597,48971,46215,
2026-12-01,V-TRO-12,CH-RET,74758,81063,78541,
2026-12-01,V-TRO-12,CH-CLB,40777,44216,42841,
2026-12-01,V-TRO-12,CH-ECM,20389,22108,21420,
2026-12-01,V-CIT-24,CH-RET,86698,140060,132056,
2026-12-01,V-CIT-24,CH-CLB,47290,76397,72031,
2026-12-01,V-CIT-24,CH-ECM,23645,38198,36015,
2026-12-01,V-BER-24,CH-RET,68197,109533,103333,
2026-12-01,V-BER-24,CH-CLB,37198,59745,56363,
2026-12-01,V-BER-24,CH-ECM,18599,29873,28182,
2026-12-01,V-GIN-12,CH-RET,54134,59529,57371,
2026-12-01,V-GIN-12,CH-CLB,29528,32471,31293,
2026-12-01,V-GIN-12,CH-ECM,14764,16235,15647,
2026-12-01,V-MEL-24,CH-RET,52616,58286,56018,
2026-12-01,V-MEL-24,CH-CLB,28700,31792,30555,
2026-12-01,V-MEL-24,CH-ECM,14350,15896,15278,
2026-12-01,V-COC-24,CH-RET,53730,59624,57267,
2026-12-01,V-COC-24,CH-CLB,29308,32522,31236,
2026-12-01,V-COC-24,CH-ECM,14654,16261,15618,
2027-01-01,V-CIT-12,CH-RET,153050,171133,163900,
2027-01-01,V-CIT-12,CH-CLB,83482,93345,89400,
2027-01-01,V-CIT-12,CH-ECM,41741,46673,44700,
2027-01-01,V-BER-12,CH-RET,103228,111981,108479,
2027-01-01,V-BER-12,CH-CLB,56306,61080,59171,
2027-01-01,V-BER-12,CH-ECM,28153,30540,29585,
2027-01-01,V-TRO-12,CH-RET,69141,75540,72980,
2027-01-01,V-TRO-12,CH-CLB,37713,41204,39808,
2027-01-01,V-TRO-12,CH-ECM,18857,20602,19904,
2027-01-01,V-CIT-24,CH-RET,79040,87727,84252,
2027-01-01,V-CIT-24,CH-CLB,43113,47851,45956,
2027-01-01,V-CIT-24,CH-ECM,21556,23925,22978,
2027-01-01,V-BER-24,CH-RET,62944,69171,66680,
2027-01-01,V-BER-24,CH-CLB,34333,37730,36371,
2027-01-01,V-BER-24,CH-ECM,17167,18865,18186,
2027-01-01,V-GIN-12,CH-RET,49282,53881,52042,
2027-01-01,V-GIN-12,CH-CLB,26881,29390,28386,
2027-01-01,V-GIN-12,CH-ECM,13441,14695,14193,
2027-01-01,V-MEL-24,CH-RET,47131,52403,50294,
2027-01-01,V-MEL-24,CH-CLB,25708,28583,27433,
2027-01-01,V-MEL-24,CH-ECM,12854,14292,13717,
2027-01-01,V-COC-24,CH-RET,49031,53148,51501,
2027-01-01,V-COC-24,CH-CLB,26744,28990,28092,
2027-01-01,V-COC-24,CH-ECM,13372,14495,14046,
2027-02-01,V-CIT-12,CH-RET,154141,169558,163391,
2027-02-01,V-CIT-12,CH-CLB,84077,92486,89122,
2027-02-01,V-CIT-12,CH-ECM,42038,46243,44561,
2027-02-01,V-BER-12,CH-RET,103995,114787,110470,
2027-02-01,V-BER-12,CH-CLB,56724,62611,60256,
2027-02-01,V-BER-12,CH-ECM,28362,31306,30128,
2027-02-01,V-TRO-12,CH-RET,69123,75718,73080,
2027-02-01,V-TRO-12,CH-CLB,37703,41301,39862,
2027-02-01,V-TRO-12,CH-ECM,18852,20650,19931,
2027-02-01,V-CIT-24,CH-RET,79780,86867,84032,
2027-02-01,V-CIT-24,CH-CLB,43517,47382,45836,
2027-02-01,V-CIT-24,CH-ECM,21758,23691,22918,
2027-02-01,V-BER-24,CH-RET,63004,69924,67156,
2027-02-01,V-BER-24,CH-CLB,34366,38140,36630,
2027-02-01,V-BER-24,CH-ECM,17183,19070,18315,
2027-02-01,V-GIN-12,CH-RET,49949,54604,52742,
2027-02-01,V-GIN-12,CH-CLB,27245,29784,28768,
2027-02-01,V-GIN-12,CH-ECM,13622,14892,14384,
2027-02-01,V-MEL-24,CH-RET,46942,50970,49359,
2027-02-01,V-MEL-24,CH-CLB,25604,27802,26923,
2027-02-01,V-MEL-24,CH-ECM,12802,13901,13461,
2027-02-01,V-COC-24,CH-RET,49025,54813,52497,
2027-02-01,V-COC-24,CH-CLB,26741,29898,28635,
2027-02-01,V-COC-24,CH-ECM,13370,14949,14317,
2027-03-01,V-CIT-12,CH-RET,166263,185354,177717,
2027-03-01,V-CIT-12,CH-CLB,90689,101102,96937,
2027-03-01,V-CIT-12,CH-ECM,45344,50551,48468,
2027-03-01,V-BER-12,CH-RET,110699,122140,117563,
2027-03-01,V-BER-12,CH-CLB,60381,66622,64126,
2027-03-01,V-BER-12,CH-ECM,30191,33311,32063,
2027-03-01,V-TRO-12,CH-RET,72721,80600,77449,
2027-03-01,V-TRO-12,CH-CLB,39666,43964,42245,
2027-03-01,V-TRO-12,CH-ECM,19833,21982,21122,
2027-03-01,V-CIT-24,CH-RET,84217,91052,88318,
2027-03-01,V-CIT-24,CH-CLB,45936,49665,48173,
2027-03-01,V-CIT-24,CH-ECM,22968,24832,24087,
2027-03-01,V-BER-24,CH-RET,66995,73081,70647,
2027-03-01,V-BER-24,CH-CLB,36543,39862,38535,
2027-03-01,V-BER-24,CH-ECM,18271,19931,19267,
2027-03-01,V-GIN-12,CH-RET,52181,58328,55869,
2027-03-01,V-GIN-12,CH-CLB,28462,31815,30474,
2027-03-01,V-GIN-12,CH-ECM,14231,15908,15237,
2027-03-01,V-MEL-24,CH-RET,49102,54587,52393,
2027-03-01,V-MEL-24,CH-CLB,26783,29775,28578,
2027-03-01,V-MEL-24,CH-ECM,13391,14887,14289,
2027-03-01,V-COC-24,CH-RET,51594,56636,54619,
2027-03-01,V-COC-24,CH-CLB,28142,30892,29792,
2027-03-01,V-COC-24,CH-ECM,14071,15446,14896,
2027-04-01,V-CIT-12,CH-RET,172242,190217,183027,
2027-04-01,V-CIT-12,CH-CLB,93950,103755,99833,
2027-04-01,V-CIT-12,CH-ECM,46975,51877,49916,
2027-04-01,V-BER-12,CH-RET,116062,126295,122202,
2027-04-01,V-BER-12,CH-CLB,63307,68888,66656,
2027-04-01,V-BER-12,CH-ECM,31653,34444,33328,
2027-04-01,V-TRO-12,CH-RET,76244,83986,80889,
2027-04-01,V-TRO-12,CH-CLB,41588,45810,44121,
2027-04-01,V-TRO-12,CH-ECM,20794,22905,22061,
2027-04-01,V-CIT-24,CH-RET,87685,96117,92744,
2027-04-01,V-CIT-24,CH-CLB,47828,52428,50588,
2027-04-01,V-CIT-24,CH-ECM,23914,26214,25294,
2027-04-01,V-BER-24,CH-RET,68503,74511,72108,
2027-04-01,V-BER-24,CH-CLB,37365,40642,39332,
2027-04-01,V-BER-24,CH-ECM,18683,20321,19666,
2027-04-01,V-GIN-12,CH-RET,54222,59546,57416,
2027-04-01,V-GIN-12,CH-CLB,29576,32480,31318,
2027-04-01,V-GIN-12,CH-ECM,14788,16240,15659,
2027-04-01,V-MEL-24,CH-RET,49567,55259,52982,
2027-04-01,V-MEL-24,CH-CLB,27037,30141,28899,
2027-04-01,V-MEL-24,CH-ECM,13518,15071,14450,
2027-04-01,V-COC-24,CH-RET,53674,58181,56378,
2027-04-01,V-COC-24,CH-CLB,29277,31735,30752,
2027-04-01,V-COC-24,CH-ECM,14638,15868,15376,
2027-05-01,V-CIT-12,CH-RET,181408,199834,192464,
2027-05-01,V-CIT-12,CH-CLB,98950,109000,104980,
2027-05-01,V-CIT-12,CH-ECM,49475,54500,52490,
2027-05-01,V-BER-12,CH-RET,119806,131287,126695,
2027-05-01,V-BER-12,CH-CLB,65349,71611,69106,
2027-05-01,V-BER-12,CH-ECM,32674,35806,34553,
2027-05-01,V-TRO-12,CH-RET,79267,87735,84348,
2027-05-01,V-TRO-12,CH-CLB,43237,47855,46008,
2027-05-01,V-TRO-12,CH-ECM,21618,23928,23004,
2027-05-01,V-CIT-24,CH-RET,91252,99018,95911,
2027-05-01,V-CIT-24,CH-CLB,49774,54010,52315,
2027-05-01,V-CIT-24,CH-ECM,24887,27005,26158,
2027-05-01,V-BER-24,CH-RET,72078,80041,76856,
2027-05-01,V-BER-24,CH-CLB,39315,43659,41921,
2027-05-01,V-BER-24,CH-ECM,19658,21829,20961,
2027-05-01,V-GIN-12,CH-RET,56277,62963,60288,
2027-05-01,V-GIN-12,CH-CLB,30696,34343,32884,
2027-05-01,V-GIN-12,CH-ECM,15348,17172,16442,
2027-05-01,V-MEL-24,CH-RET,51131,57089,54706,
2027-05-01,V-MEL-24,CH-CLB,27890,31139,29840,
2027-05-01,V-MEL-24,CH-ECM,13945,15570,14920,
2027-05-01,V-COC-24,CH-RET,55434,62037,59396,
2027-05-01,V-COC-24,CH-CLB,30237,33838,32398,
2027-05-01,V-COC-24,CH-ECM,15118,16919,16199,
2027-06-01,V-CIT-12,CH-RET,189441,204601,198537,
2027-06-01,V-CIT-12,CH-CLB,103331,111600,108293,
2027-06-01,V-CIT-12,CH-ECM,51666,55800,54146,
2027-06-01,V-BER-12,CH-RET,125378,136994,132347,
2027-06-01,V-BER-12,CH-CLB,68388,74724,72189,
2027-06-01,V-BER-12,CH-ECM,34194,37362,36095,
2027-06-01,V-TRO-12,CH-RET,81489,90173,86699,
2027-06-01,V-TRO-12,CH-CLB,44449,49185,47291,
2027-06-01,V-TRO-12,CH-ECM,22224,24593,23645,
2027-06-01,V-CIT-24,CH-RET,94391,103430,99815,
2027-06-01,V-CIT-24,CH-CLB,51486,56416,54444,
2027-06-01,V-CIT-24,CH-ECM,25743,28208,27222,
2027-06-01,V-BER-24,CH-RET,74623,82038,79072,
2027-06-01,V-BER-24,CH-CLB,40703,44748,43130,
2027-06-01,V-BER-24,CH-ECM,20352,22374,21565,
2027-06-01,V-GIN-12,CH-RET,58816,65846,63034,
2027-06-01,V-GIN-12,CH-CLB,32082,35916,34382,
2027-06-01,V-GIN-12,CH-ECM,16041,17958,17191,
2027-06-01,V-MEL-24,CH-RET,52731,57485,55584,
2027-06-01,V-MEL-24,CH-CLB,28762,31356,30318,
2027-06-01,V-MEL-24,CH-ECM,14381,15678,15159,
2027-06-01,V-COC-24,CH-RET,57358,62382,60372,
2027-06-01,V-COC-24,CH-CLB,31286,34027,32930,
2027-06-01,V-COC-24,CH-ECM,15643,17013,16465,
